ID	VARIANT	TILE	R	T	PLACEMENT	EXE
E1_NAI001	naive	32	1	1	inter_socket	hopscotch2d_hib_naive
E1_NAI002	naive	32	1	2	inter_socket	hopscotch2d_hib_naive
E1_NAI003	naive	32	1	3	inter_socket	hopscotch2d_hib_naive
E1_NAI004	naive	32	1	4	inter_socket	hopscotch2d_hib_naive
E1_NAI005	naive	32	1	5	inter_socket	hopscotch2d_hib_naive
E1_NAI006	naive	32	1	6	inter_socket	hopscotch2d_hib_naive
E1_NAI007	naive	32	1	7	inter_socket	hopscotch2d_hib_naive
E1_NAI008	naive	32	1	8	inter_socket	hopscotch2d_hib_naive
E1_NAI009	naive	32	1	9	inter_socket	hopscotch2d_hib_naive
E1_NAI010	naive	32	1	10	inter_socket	hopscotch2d_hib_naive
E1_NAI011	naive	32	1	11	inter_socket	hopscotch2d_hib_naive
E1_NAI012	naive	32	1	12	inter_socket	hopscotch2d_hib_naive
E1_NAI013	naive	32	1	13	inter_socket	hopscotch2d_hib_naive
E1_NAI014	naive	32	1	14	inter_socket	hopscotch2d_hib_naive
E1_NAI015	naive	32	1	15	inter_socket	hopscotch2d_hib_naive
E1_NAI016	naive	32	1	16	inter_socket	hopscotch2d_hib_naive
E1_NAI017	naive	32	1	17	inter_socket	hopscotch2d_hib_naive
E1_NAI018	naive	32	1	18	inter_socket	hopscotch2d_hib_naive
E1_NAI019	naive	32	1	19	inter_socket	hopscotch2d_hib_naive
E1_NAI020	naive	32	1	20	inter_socket	hopscotch2d_hib_naive
E1_NAI021	naive	32	1	21	inter_socket	hopscotch2d_hib_naive
E1_NAI022	naive	32	1	22	inter_socket	hopscotch2d_hib_naive
E1_NAI023	naive	32	1	23	inter_socket	hopscotch2d_hib_naive
E1_NAI024	naive	32	1	24	inter_socket	hopscotch2d_hib_naive
E1_NAI025	naive	32	1	25	inter_socket	hopscotch2d_hib_naive
E1_NAI026	naive	32	1	26	inter_socket	hopscotch2d_hib_naive
E1_NAI027	naive	32	1	27	inter_socket	hopscotch2d_hib_naive
E1_NAI028	naive	32	1	28	inter_socket	hopscotch2d_hib_naive
E1_NAI029	naive	32	1	29	inter_socket	hopscotch2d_hib_naive
E1_NAI030	naive	32	1	30	inter_socket	hopscotch2d_hib_naive
E1_NAI031	naive	32	1	31	inter_socket	hopscotch2d_hib_naive
E1_NAI032	naive	32	1	32	inter_socket	hopscotch2d_hib_naive
E1_NAI033	naive	32	1	33	inter_socket	hopscotch2d_hib_naive
E1_NAI034	naive	32	1	34	inter_socket	hopscotch2d_hib_naive
E1_NAI035	naive	32	1	35	inter_socket	hopscotch2d_hib_naive
E1_NAI036	naive	32	1	36	inter_socket	hopscotch2d_hib_naive
E1_NAI037	naive	32	1	37	inter_socket	hopscotch2d_hib_naive
E1_NAI038	naive	32	1	38	inter_socket	hopscotch2d_hib_naive
E1_NAI039	naive	32	1	39	inter_socket	hopscotch2d_hib_naive
E1_NAI040	naive	32	1	40	inter_socket	hopscotch2d_hib_naive
E1_NAI041	naive	32	1	41	inter_socket	hopscotch2d_hib_naive
E1_NAI042	naive	32	1	42	inter_socket	hopscotch2d_hib_naive
E1_NAI043	naive	32	1	43	inter_socket	hopscotch2d_hib_naive
E1_NAI044	naive	32	1	44	inter_socket	hopscotch2d_hib_naive
E1_NAI045	naive	32	1	45	inter_socket	hopscotch2d_hib_naive
E1_NAI046	naive	32	1	46	inter_socket	hopscotch2d_hib_naive
E1_NAI047	naive	32	1	47	inter_socket	hopscotch2d_hib_naive
E1_NAI048	naive	32	1	48	inter_socket	hopscotch2d_hib_naive
E1_NAI049	naive	32	1	49	inter_socket	hopscotch2d_hib_naive
E1_NAI050	naive	32	1	50	inter_socket	hopscotch2d_hib_naive
E1_NAI051	naive	32	1	51	inter_socket	hopscotch2d_hib_naive
E1_NAI052	naive	32	1	52	inter_socket	hopscotch2d_hib_naive
E1_NAI053	naive	32	1	53	inter_socket	hopscotch2d_hib_naive
E1_NAI054	naive	32	1	54	inter_socket	hopscotch2d_hib_naive
E1_NAI055	naive	32	1	55	inter_socket	hopscotch2d_hib_naive
E1_NAI056	naive	32	1	56	inter_socket	hopscotch2d_hib_naive
E1_NAI057	naive	32	1	57	inter_socket	hopscotch2d_hib_naive
E1_NAI058	naive	32	1	58	inter_socket	hopscotch2d_hib_naive
E1_NAI059	naive	32	1	59	inter_socket	hopscotch2d_hib_naive
E1_NAI060	naive	32	1	60	inter_socket	hopscotch2d_hib_naive
E1_NAI061	naive	32	1	61	inter_socket	hopscotch2d_hib_naive
E1_NAI062	naive	32	1	62	inter_socket	hopscotch2d_hib_naive
E1_NAI063	naive	32	1	63	inter_socket	hopscotch2d_hib_naive
E1_NAI064	naive	32	1	64	inter_socket	hopscotch2d_hib_naive
E1_NAI065	naive	32	1	65	inter_socket	hopscotch2d_hib_naive
E1_NAI066	naive	32	1	66	inter_socket	hopscotch2d_hib_naive
E1_NAI067	naive	32	1	67	inter_socket	hopscotch2d_hib_naive
E1_NAI068	naive	32	1	68	inter_socket	hopscotch2d_hib_naive
E1_NAI069	naive	32	1	69	inter_socket	hopscotch2d_hib_naive
E1_NAI070	naive	32	1	70	inter_socket	hopscotch2d_hib_naive
E1_NAI071	naive	32	1	71	inter_socket	hopscotch2d_hib_naive
E1_NAI072	naive	32	1	72	inter_socket	hopscotch2d_hib_naive
E1_NAI073	naive	32	1	73	inter_socket	hopscotch2d_hib_naive
E1_NAI074	naive	32	1	74	inter_socket	hopscotch2d_hib_naive
E1_NAI075	naive	32	1	75	inter_socket	hopscotch2d_hib_naive
E1_NAI076	naive	32	1	76	inter_socket	hopscotch2d_hib_naive
E1_NAI077	naive	32	1	77	inter_socket	hopscotch2d_hib_naive
E1_NAI078	naive	32	1	78	inter_socket	hopscotch2d_hib_naive
E1_NAI079	naive	32	1	79	inter_socket	hopscotch2d_hib_naive
E1_NAI080	naive	32	1	80	inter_socket	hopscotch2d_hib_naive
E1_NAI081	naive	32	1	81	inter_socket	hopscotch2d_hib_naive
E1_NAI082	naive	32	1	82	inter_socket	hopscotch2d_hib_naive
E1_NAI083	naive	32	1	83	inter_socket	hopscotch2d_hib_naive
E1_NAI084	naive	32	1	84	inter_socket	hopscotch2d_hib_naive
E1_NAI085	naive	32	1	85	inter_socket	hopscotch2d_hib_naive
E1_NAI086	naive	32	1	86	inter_socket	hopscotch2d_hib_naive
E1_NAI087	naive	32	1	87	inter_socket	hopscotch2d_hib_naive
E1_NAI088	naive	32	1	88	inter_socket	hopscotch2d_hib_naive
E1_NAI089	naive	32	1	89	inter_socket	hopscotch2d_hib_naive
E1_NAI090	naive	32	1	90	inter_socket	hopscotch2d_hib_naive
E1_NAI091	naive	32	1	91	inter_socket	hopscotch2d_hib_naive
E1_NAI092	naive	32	1	92	inter_socket	hopscotch2d_hib_naive
E1_NAI093	naive	32	1	93	inter_socket	hopscotch2d_hib_naive
E1_NAI094	naive	32	1	94	inter_socket	hopscotch2d_hib_naive
E1_NAI095	naive	32	1	95	inter_socket	hopscotch2d_hib_naive
E1_NAI096	naive	32	1	96	inter_socket	hopscotch2d_hib_naive
E1_NAI097	naive	32	1	97	inter_socket	hopscotch2d_hib_naive
E1_NAI098	naive	32	1	98	inter_socket	hopscotch2d_hib_naive
E1_NAI099	naive	32	1	99	inter_socket	hopscotch2d_hib_naive
E1_NAI100	naive	32	1	100	inter_socket	hopscotch2d_hib_naive
E1_NAI101	naive	32	1	101	inter_socket	hopscotch2d_hib_naive
E1_NAI102	naive	32	1	102	inter_socket	hopscotch2d_hib_naive
E1_NAI103	naive	32	1	103	inter_socket	hopscotch2d_hib_naive
E1_NAI104	naive	32	1	104	inter_socket	hopscotch2d_hib_naive
E1_NAI105	naive	32	1	105	inter_socket	hopscotch2d_hib_naive
E1_NAI106	naive	32	1	106	inter_socket	hopscotch2d_hib_naive
E1_NAI107	naive	32	1	107	inter_socket	hopscotch2d_hib_naive
E1_NAI108	naive	32	1	108	inter_socket	hopscotch2d_hib_naive
E1_NAI109	naive	32	1	109	inter_socket	hopscotch2d_hib_naive
E1_NAI110	naive	32	1	110	inter_socket	hopscotch2d_hib_naive
E1_NAI111	naive	32	1	111	inter_socket	hopscotch2d_hib_naive
E1_NAI112	naive	32	1	112	inter_socket	hopscotch2d_hib_naive
E1_NAI113	naive	32	1	113	inter_socket	hopscotch2d_hib_naive
E1_NAI114	naive	32	1	114	inter_socket	hopscotch2d_hib_naive
E1_NAI115	naive	32	1	115	inter_socket	hopscotch2d_hib_naive
E1_NAI116	naive	32	1	116	inter_socket	hopscotch2d_hib_naive
E1_NAI117	naive	32	1	117	inter_socket	hopscotch2d_hib_naive
E1_NAI118	naive	32	1	118	inter_socket	hopscotch2d_hib_naive
E1_NAI119	naive	32	1	119	inter_socket	hopscotch2d_hib_naive
E1_NAI120	naive	32	1	120	inter_socket	hopscotch2d_hib_naive
E1_NAI121	naive	32	1	121	inter_socket	hopscotch2d_hib_naive
E1_NAI122	naive	32	1	122	inter_socket	hopscotch2d_hib_naive
E1_NAI123	naive	32	1	123	inter_socket	hopscotch2d_hib_naive
E1_NAI124	naive	32	1	124	inter_socket	hopscotch2d_hib_naive
E1_NAI125	naive	32	1	125	inter_socket	hopscotch2d_hib_naive
E1_NAI126	naive	32	1	126	inter_socket	hopscotch2d_hib_naive
E1_NAI127	naive	32	1	127	inter_socket	hopscotch2d_hib_naive
E1_NAI128	naive	32	1	128	inter_socket	hopscotch2d_hib_naive
E1_NAI129	naive	32	1	129	inter_socket	hopscotch2d_hib_naive
E1_NAI130	naive	32	1	130	inter_socket	hopscotch2d_hib_naive
E1_NAI131	naive	32	1	131	inter_socket	hopscotch2d_hib_naive
E1_NAI132	naive	32	1	132	inter_socket	hopscotch2d_hib_naive
E1_NAI133	naive	32	1	133	inter_socket	hopscotch2d_hib_naive
E1_NAI134	naive	32	1	134	inter_socket	hopscotch2d_hib_naive
E1_NAI135	naive	32	1	135	inter_socket	hopscotch2d_hib_naive
E1_NAI136	naive	32	1	136	inter_socket	hopscotch2d_hib_naive
E1_NAI137	naive	32	1	137	inter_socket	hopscotch2d_hib_naive
E1_NAI138	naive	32	1	138	inter_socket	hopscotch2d_hib_naive
E1_NAI139	naive	32	1	139	inter_socket	hopscotch2d_hib_naive
E1_NAI140	naive	32	1	140	inter_socket	hopscotch2d_hib_naive
E1_NAI141	naive	32	1	141	inter_socket	hopscotch2d_hib_naive
E1_NAI142	naive	32	1	142	inter_socket	hopscotch2d_hib_naive
E1_NAI143	naive	32	1	143	inter_socket	hopscotch2d_hib_naive
E1_NAI144	naive	32	1	144	inter_socket	hopscotch2d_hib_naive
E1_NAI145	naive	32	1	145	inter_socket	hopscotch2d_hib_naive
E1_NAI146	naive	32	1	146	inter_socket	hopscotch2d_hib_naive
E1_NAI147	naive	32	1	147	inter_socket	hopscotch2d_hib_naive
E1_NAI148	naive	32	1	148	inter_socket	hopscotch2d_hib_naive
E1_NAI149	naive	32	1	149	inter_socket	hopscotch2d_hib_naive
E1_NAI150	naive	32	1	150	inter_socket	hopscotch2d_hib_naive
E1_NAI151	naive	32	1	151	inter_socket	hopscotch2d_hib_naive
E1_NAI152	naive	32	1	152	inter_socket	hopscotch2d_hib_naive
E1_NAI153	naive	32	1	153	inter_socket	hopscotch2d_hib_naive
E1_NAI154	naive	32	1	154	inter_socket	hopscotch2d_hib_naive
E1_NAI155	naive	32	1	155	inter_socket	hopscotch2d_hib_naive
E1_NAI156	naive	32	1	156	inter_socket	hopscotch2d_hib_naive
E1_NAI157	naive	32	1	157	inter_socket	hopscotch2d_hib_naive
E1_NAI158	naive	32	1	158	inter_socket	hopscotch2d_hib_naive
E1_NAI159	naive	32	1	159	inter_socket	hopscotch2d_hib_naive
E1_NAI160	naive	32	1	160	inter_socket	hopscotch2d_hib_naive
E1_NAI161	naive	32	1	161	inter_socket	hopscotch2d_hib_naive
E1_NAI162	naive	32	1	162	inter_socket	hopscotch2d_hib_naive
E1_NAI163	naive	32	1	163	inter_socket	hopscotch2d_hib_naive
E1_NAI164	naive	32	1	164	inter_socket	hopscotch2d_hib_naive
E1_NAI165	naive	32	1	165	inter_socket	hopscotch2d_hib_naive
E1_NAI166	naive	32	1	166	inter_socket	hopscotch2d_hib_naive
E1_NAI167	naive	32	1	167	inter_socket	hopscotch2d_hib_naive
E1_NAI168	naive	32	1	168	inter_socket	hopscotch2d_hib_naive
E1_NAI169	naive	32	1	169	inter_socket	hopscotch2d_hib_naive
E1_NAI170	naive	32	1	170	inter_socket	hopscotch2d_hib_naive
E1_NAI171	naive	32	1	171	inter_socket	hopscotch2d_hib_naive
E1_NAI172	naive	32	1	172	inter_socket	hopscotch2d_hib_naive
E1_NAI173	naive	32	1	173	inter_socket	hopscotch2d_hib_naive
E1_NAI174	naive	32	1	174	inter_socket	hopscotch2d_hib_naive
E1_NAI175	naive	32	1	175	inter_socket	hopscotch2d_hib_naive
E1_NAI176	naive	32	1	176	inter_socket	hopscotch2d_hib_naive
E1_NAI177	naive	32	1	177	inter_socket	hopscotch2d_hib_naive
E1_NAI178	naive	32	1	178	inter_socket	hopscotch2d_hib_naive
E1_NAI179	naive	32	1	179	inter_socket	hopscotch2d_hib_naive
E1_NAI180	naive	32	1	180	inter_socket	hopscotch2d_hib_naive
E1_NAI181	naive	32	1	181	inter_socket	hopscotch2d_hib_naive
E1_NAI182	naive	32	1	182	inter_socket	hopscotch2d_hib_naive
E1_NAI183	naive	32	1	183	inter_socket	hopscotch2d_hib_naive
E1_NAI184	naive	32	1	184	inter_socket	hopscotch2d_hib_naive
E1_NAI185	naive	32	1	185	inter_socket	hopscotch2d_hib_naive
E1_NAI186	naive	32	1	186	inter_socket	hopscotch2d_hib_naive
E1_NAI187	naive	32	1	187	inter_socket	hopscotch2d_hib_naive
E1_NAI188	naive	32	1	188	inter_socket	hopscotch2d_hib_naive
E1_NAI189	naive	32	1	189	inter_socket	hopscotch2d_hib_naive
E1_NAI190	naive	32	1	190	inter_socket	hopscotch2d_hib_naive
E1_NAI191	naive	32	1	191	inter_socket	hopscotch2d_hib_naive
E1_NAI192	naive	32	1	192	inter_socket	hopscotch2d_hib_naive
E1_BUS001	busywait	32	1	1	inter_socket	hopscotch2d_hib_busywait_nobarrier
E1_BUS002	busywait	32	1	2	inter_socket	hopscotch2d_hib_busywait_nobarrier
E1_BUS003	busywait	32	1	3	inter_socket	hopscotch2d_hib_busywait_nobarrier
E1_BUS004	busywait	32	1	4	inter_socket	hopscotch2d_hib_busywait_nobarrier
E1_BUS005	busywait	32	1	5	inter_socket	hopscotch2d_hib_busywait_nobarrier
E1_BUS006	busywait	32	1	6	inter_socket	hopscotch2d_hib_busywait_nobarrier
E1_BUS007	busywait	32	1	7	inter_socket	hopscotch2d_hib_busywait_nobarrier
E1_BUS008	busywait	32	1	8	inter_socket	hopscotch2d_hib_busywait_nobarrier
E1_BUS009	busywait	32	1	9	inter_socket	hopscotch2d_hib_busywait_nobarrier
E1_BUS010	busywait	32	1	10	inter_socket	hopscotch2d_hib_busywait_nobarrier
E1_BUS011	busywait	32	1	11	inter_socket	hopscotch2d_hib_busywait_nobarrier
E1_BUS012	busywait	32	1	12	inter_socket	hopscotch2d_hib_busywait_nobarrier
E1_BUS013	busywait	32	1	13	inter_socket	hopscotch2d_hib_busywait_nobarrier
E1_BUS014	busywait	32	1	14	inter_socket	hopscotch2d_hib_busywait_nobarrier
E1_BUS015	busywait	32	1	15	inter_socket	hopscotch2d_hib_busywait_nobarrier
E1_BUS016	busywait	32	1	16	inter_socket	hopscotch2d_hib_busywait_nobarrier
E1_BUS017	busywait	32	1	17	inter_socket	hopscotch2d_hib_busywait_nobarrier
E1_BUS018	busywait	32	1	18	inter_socket	hopscotch2d_hib_busywait_nobarrier
E1_BUS019	busywait	32	1	19	inter_socket	hopscotch2d_hib_busywait_nobarrier
E1_BUS020	busywait	32	1	20	inter_socket	hopscotch2d_hib_busywait_nobarrier
E1_BUS021	busywait	32	1	21	inter_socket	hopscotch2d_hib_busywait_nobarrier
E1_BUS022	busywait	32	1	22	inter_socket	hopscotch2d_hib_busywait_nobarrier
E1_BUS023	busywait	32	1	23	inter_socket	hopscotch2d_hib_busywait_nobarrier
E1_BUS024	busywait	32	1	24	inter_socket	hopscotch2d_hib_busywait_nobarrier
E1_BUS025	busywait	32	1	25	inter_socket	hopscotch2d_hib_busywait_nobarrier
E1_BUS026	busywait	32	1	26	inter_socket	hopscotch2d_hib_busywait_nobarrier
E1_BUS027	busywait	32	1	27	inter_socket	hopscotch2d_hib_busywait_nobarrier
E1_BUS028	busywait	32	1	28	inter_socket	hopscotch2d_hib_busywait_nobarrier
E1_BUS029	busywait	32	1	29	inter_socket	hopscotch2d_hib_busywait_nobarrier
E1_BUS030	busywait	32	1	30	inter_socket	hopscotch2d_hib_busywait_nobarrier
E1_BUS031	busywait	32	1	31	inter_socket	hopscotch2d_hib_busywait_nobarrier
E1_BUS032	busywait	32	1	32	inter_socket	hopscotch2d_hib_busywait_nobarrier
E1_BUS033	busywait	32	1	33	inter_socket	hopscotch2d_hib_busywait_nobarrier
E1_BUS034	busywait	32	1	34	inter_socket	hopscotch2d_hib_busywait_nobarrier
E1_BUS035	busywait	32	1	35	inter_socket	hopscotch2d_hib_busywait_nobarrier
E1_BUS036	busywait	32	1	36	inter_socket	hopscotch2d_hib_busywait_nobarrier
E1_BUS037	busywait	32	1	37	inter_socket	hopscotch2d_hib_busywait_nobarrier
E1_BUS038	busywait	32	1	38	inter_socket	hopscotch2d_hib_busywait_nobarrier
E1_BUS039	busywait	32	1	39	inter_socket	hopscotch2d_hib_busywait_nobarrier
E1_BUS040	busywait	32	1	40	inter_socket	hopscotch2d_hib_busywait_nobarrier
E1_BUS041	busywait	32	1	41	inter_socket	hopscotch2d_hib_busywait_nobarrier
E1_BUS042	busywait	32	1	42	inter_socket	hopscotch2d_hib_busywait_nobarrier
E1_BUS043	busywait	32	1	43	inter_socket	hopscotch2d_hib_busywait_nobarrier
E1_BUS044	busywait	32	1	44	inter_socket	hopscotch2d_hib_busywait_nobarrier
E1_BUS045	busywait	32	1	45	inter_socket	hopscotch2d_hib_busywait_nobarrier
E1_BUS046	busywait	32	1	46	inter_socket	hopscotch2d_hib_busywait_nobarrier
E1_BUS047	busywait	32	1	47	inter_socket	hopscotch2d_hib_busywait_nobarrier
E1_BUS048	busywait	32	1	48	inter_socket	hopscotch2d_hib_busywait_nobarrier
E1_BUS049	busywait	32	1	49	inter_socket	hopscotch2d_hib_busywait_nobarrier
E1_BUS050	busywait	32	1	50	inter_socket	hopscotch2d_hib_busywait_nobarrier
E1_BUS051	busywait	32	1	51	inter_socket	hopscotch2d_hib_busywait_nobarrier
E1_BUS052	busywait	32	1	52	inter_socket	hopscotch2d_hib_busywait_nobarrier
E1_BUS053	busywait	32	1	53	inter_socket	hopscotch2d_hib_busywait_nobarrier
E1_BUS054	busywait	32	1	54	inter_socket	hopscotch2d_hib_busywait_nobarrier
E1_BUS055	busywait	32	1	55	inter_socket	hopscotch2d_hib_busywait_nobarrier
E1_BUS056	busywait	32	1	56	inter_socket	hopscotch2d_hib_busywait_nobarrier
E1_BUS057	busywait	32	1	57	inter_socket	hopscotch2d_hib_busywait_nobarrier
E1_BUS058	busywait	32	1	58	inter_socket	hopscotch2d_hib_busywait_nobarrier
E1_BUS059	busywait	32	1	59	inter_socket	hopscotch2d_hib_busywait_nobarrier
E1_BUS060	busywait	32	1	60	inter_socket	hopscotch2d_hib_busywait_nobarrier
E1_BUS061	busywait	32	1	61	inter_socket	hopscotch2d_hib_busywait_nobarrier
E1_BUS062	busywait	32	1	62	inter_socket	hopscotch2d_hib_busywait_nobarrier
E1_BUS063	busywait	32	1	63	inter_socket	hopscotch2d_hib_busywait_nobarrier
E1_BUS064	busywait	32	1	64	inter_socket	hopscotch2d_hib_busywait_nobarrier
E1_BUS065	busywait	32	1	65	inter_socket	hopscotch2d_hib_busywait_nobarrier
E1_BUS066	busywait	32	1	66	inter_socket	hopscotch2d_hib_busywait_nobarrier
E1_BUS067	busywait	32	1	67	inter_socket	hopscotch2d_hib_busywait_nobarrier
E1_BUS068	busywait	32	1	68	inter_socket	hopscotch2d_hib_busywait_nobarrier
E1_BUS069	busywait	32	1	69	inter_socket	hopscotch2d_hib_busywait_nobarrier
E1_BUS070	busywait	32	1	70	inter_socket	hopscotch2d_hib_busywait_nobarrier
E1_BUS071	busywait	32	1	71	inter_socket	hopscotch2d_hib_busywait_nobarrier
E1_BUS072	busywait	32	1	72	inter_socket	hopscotch2d_hib_busywait_nobarrier
E1_BUS073	busywait	32	1	73	inter_socket	hopscotch2d_hib_busywait_nobarrier
E1_BUS074	busywait	32	1	74	inter_socket	hopscotch2d_hib_busywait_nobarrier
E1_BUS075	busywait	32	1	75	inter_socket	hopscotch2d_hib_busywait_nobarrier
E1_BUS076	busywait	32	1	76	inter_socket	hopscotch2d_hib_busywait_nobarrier
E1_BUS077	busywait	32	1	77	inter_socket	hopscotch2d_hib_busywait_nobarrier
E1_BUS078	busywait	32	1	78	inter_socket	hopscotch2d_hib_busywait_nobarrier
E1_BUS079	busywait	32	1	79	inter_socket	hopscotch2d_hib_busywait_nobarrier
E1_BUS080	busywait	32	1	80	inter_socket	hopscotch2d_hib_busywait_nobarrier
E1_BUS081	busywait	32	1	81	inter_socket	hopscotch2d_hib_busywait_nobarrier
E1_BUS082	busywait	32	1	82	inter_socket	hopscotch2d_hib_busywait_nobarrier
E1_BUS083	busywait	32	1	83	inter_socket	hopscotch2d_hib_busywait_nobarrier
E1_BUS084	busywait	32	1	84	inter_socket	hopscotch2d_hib_busywait_nobarrier
E1_BUS085	busywait	32	1	85	inter_socket	hopscotch2d_hib_busywait_nobarrier
E1_BUS086	busywait	32	1	86	inter_socket	hopscotch2d_hib_busywait_nobarrier
E1_BUS087	busywait	32	1	87	inter_socket	hopscotch2d_hib_busywait_nobarrier
E1_BUS088	busywait	32	1	88	inter_socket	hopscotch2d_hib_busywait_nobarrier
E1_BUS089	busywait	32	1	89	inter_socket	hopscotch2d_hib_busywait_nobarrier
E1_BUS090	busywait	32	1	90	inter_socket	hopscotch2d_hib_busywait_nobarrier
E1_BUS091	busywait	32	1	91	inter_socket	hopscotch2d_hib_busywait_nobarrier
E1_BUS092	busywait	32	1	92	inter_socket	hopscotch2d_hib_busywait_nobarrier
E1_BUS093	busywait	32	1	93	inter_socket	hopscotch2d_hib_busywait_nobarrier
E1_BUS094	busywait	32	1	94	inter_socket	hopscotch2d_hib_busywait_nobarrier
E1_BUS095	busywait	32	1	95	inter_socket	hopscotch2d_hib_busywait_nobarrier
E1_BUS096	busywait	32	1	96	inter_socket	hopscotch2d_hib_busywait_nobarrier
E1_BUS097	busywait	32	1	97	inter_socket	hopscotch2d_hib_busywait_nobarrier
E1_BUS098	busywait	32	1	98	inter_socket	hopscotch2d_hib_busywait_nobarrier
E1_BUS099	busywait	32	1	99	inter_socket	hopscotch2d_hib_busywait_nobarrier
E1_BUS100	busywait	32	1	100	inter_socket	hopscotch2d_hib_busywait_nobarrier
E1_BUS101	busywait	32	1	101	inter_socket	hopscotch2d_hib_busywait_nobarrier
E1_BUS102	busywait	32	1	102	inter_socket	hopscotch2d_hib_busywait_nobarrier
E1_BUS103	busywait	32	1	103	inter_socket	hopscotch2d_hib_busywait_nobarrier
E1_BUS104	busywait	32	1	104	inter_socket	hopscotch2d_hib_busywait_nobarrier
E1_BUS105	busywait	32	1	105	inter_socket	hopscotch2d_hib_busywait_nobarrier
E1_BUS106	busywait	32	1	106	inter_socket	hopscotch2d_hib_busywait_nobarrier
E1_BUS107	busywait	32	1	107	inter_socket	hopscotch2d_hib_busywait_nobarrier
E1_BUS108	busywait	32	1	108	inter_socket	hopscotch2d_hib_busywait_nobarrier
E1_BUS109	busywait	32	1	109	inter_socket	hopscotch2d_hib_busywait_nobarrier
E1_BUS110	busywait	32	1	110	inter_socket	hopscotch2d_hib_busywait_nobarrier
E1_BUS111	busywait	32	1	111	inter_socket	hopscotch2d_hib_busywait_nobarrier
E1_BUS112	busywait	32	1	112	inter_socket	hopscotch2d_hib_busywait_nobarrier
E1_BUS113	busywait	32	1	113	inter_socket	hopscotch2d_hib_busywait_nobarrier
E1_BUS114	busywait	32	1	114	inter_socket	hopscotch2d_hib_busywait_nobarrier
E1_BUS115	busywait	32	1	115	inter_socket	hopscotch2d_hib_busywait_nobarrier
E1_BUS116	busywait	32	1	116	inter_socket	hopscotch2d_hib_busywait_nobarrier
E1_BUS117	busywait	32	1	117	inter_socket	hopscotch2d_hib_busywait_nobarrier
E1_BUS118	busywait	32	1	118	inter_socket	hopscotch2d_hib_busywait_nobarrier
E1_BUS119	busywait	32	1	119	inter_socket	hopscotch2d_hib_busywait_nobarrier
E1_BUS120	busywait	32	1	120	inter_socket	hopscotch2d_hib_busywait_nobarrier
E1_BUS121	busywait	32	1	121	inter_socket	hopscotch2d_hib_busywait_nobarrier
E1_BUS122	busywait	32	1	122	inter_socket	hopscotch2d_hib_busywait_nobarrier
E1_BUS123	busywait	32	1	123	inter_socket	hopscotch2d_hib_busywait_nobarrier
E1_BUS124	busywait	32	1	124	inter_socket	hopscotch2d_hib_busywait_nobarrier
E1_BUS125	busywait	32	1	125	inter_socket	hopscotch2d_hib_busywait_nobarrier
E1_BUS126	busywait	32	1	126	inter_socket	hopscotch2d_hib_busywait_nobarrier
E1_BUS127	busywait	32	1	127	inter_socket	hopscotch2d_hib_busywait_nobarrier
E1_BUS128	busywait	32	1	128	inter_socket	hopscotch2d_hib_busywait_nobarrier
E1_BUS129	busywait	32	1	129	inter_socket	hopscotch2d_hib_busywait_nobarrier
E1_BUS130	busywait	32	1	130	inter_socket	hopscotch2d_hib_busywait_nobarrier
E1_BUS131	busywait	32	1	131	inter_socket	hopscotch2d_hib_busywait_nobarrier
E1_BUS132	busywait	32	1	132	inter_socket	hopscotch2d_hib_busywait_nobarrier
E1_BUS133	busywait	32	1	133	inter_socket	hopscotch2d_hib_busywait_nobarrier
E1_BUS134	busywait	32	1	134	inter_socket	hopscotch2d_hib_busywait_nobarrier
E1_BUS135	busywait	32	1	135	inter_socket	hopscotch2d_hib_busywait_nobarrier
E1_BUS136	busywait	32	1	136	inter_socket	hopscotch2d_hib_busywait_nobarrier
E1_BUS137	busywait	32	1	137	inter_socket	hopscotch2d_hib_busywait_nobarrier
E1_BUS138	busywait	32	1	138	inter_socket	hopscotch2d_hib_busywait_nobarrier
E1_BUS139	busywait	32	1	139	inter_socket	hopscotch2d_hib_busywait_nobarrier
E1_BUS140	busywait	32	1	140	inter_socket	hopscotch2d_hib_busywait_nobarrier
E1_BUS141	busywait	32	1	141	inter_socket	hopscotch2d_hib_busywait_nobarrier
E1_BUS142	busywait	32	1	142	inter_socket	hopscotch2d_hib_busywait_nobarrier
E1_BUS143	busywait	32	1	143	inter_socket	hopscotch2d_hib_busywait_nobarrier
E1_BUS144	busywait	32	1	144	inter_socket	hopscotch2d_hib_busywait_nobarrier
E1_BUS145	busywait	32	1	145	inter_socket	hopscotch2d_hib_busywait_nobarrier
E1_BUS146	busywait	32	1	146	inter_socket	hopscotch2d_hib_busywait_nobarrier
E1_BUS147	busywait	32	1	147	inter_socket	hopscotch2d_hib_busywait_nobarrier
E1_BUS148	busywait	32	1	148	inter_socket	hopscotch2d_hib_busywait_nobarrier
E1_BUS149	busywait	32	1	149	inter_socket	hopscotch2d_hib_busywait_nobarrier
E1_BUS150	busywait	32	1	150	inter_socket	hopscotch2d_hib_busywait_nobarrier
E1_BUS151	busywait	32	1	151	inter_socket	hopscotch2d_hib_busywait_nobarrier
E1_BUS152	busywait	32	1	152	inter_socket	hopscotch2d_hib_busywait_nobarrier
E1_BUS153	busywait	32	1	153	inter_socket	hopscotch2d_hib_busywait_nobarrier
E1_BUS154	busywait	32	1	154	inter_socket	hopscotch2d_hib_busywait_nobarrier
E1_BUS155	busywait	32	1	155	inter_socket	hopscotch2d_hib_busywait_nobarrier
E1_BUS156	busywait	32	1	156	inter_socket	hopscotch2d_hib_busywait_nobarrier
E1_BUS157	busywait	32	1	157	inter_socket	hopscotch2d_hib_busywait_nobarrier
E1_BUS158	busywait	32	1	158	inter_socket	hopscotch2d_hib_busywait_nobarrier
E1_BUS159	busywait	32	1	159	inter_socket	hopscotch2d_hib_busywait_nobarrier
E1_BUS160	busywait	32	1	160	inter_socket	hopscotch2d_hib_busywait_nobarrier
E1_BUS161	busywait	32	1	161	inter_socket	hopscotch2d_hib_busywait_nobarrier
E1_BUS162	busywait	32	1	162	inter_socket	hopscotch2d_hib_busywait_nobarrier
E1_BUS163	busywait	32	1	163	inter_socket	hopscotch2d_hib_busywait_nobarrier
E1_BUS164	busywait	32	1	164	inter_socket	hopscotch2d_hib_busywait_nobarrier
E1_BUS165	busywait	32	1	165	inter_socket	hopscotch2d_hib_busywait_nobarrier
E1_BUS166	busywait	32	1	166	inter_socket	hopscotch2d_hib_busywait_nobarrier
E1_BUS167	busywait	32	1	167	inter_socket	hopscotch2d_hib_busywait_nobarrier
E1_BUS168	busywait	32	1	168	inter_socket	hopscotch2d_hib_busywait_nobarrier
E1_BUS169	busywait	32	1	169	inter_socket	hopscotch2d_hib_busywait_nobarrier
E1_BUS170	busywait	32	1	170	inter_socket	hopscotch2d_hib_busywait_nobarrier
E1_BUS171	busywait	32	1	171	inter_socket	hopscotch2d_hib_busywait_nobarrier
E1_BUS172	busywait	32	1	172	inter_socket	hopscotch2d_hib_busywait_nobarrier
E1_BUS173	busywait	32	1	173	inter_socket	hopscotch2d_hib_busywait_nobarrier
E1_BUS174	busywait	32	1	174	inter_socket	hopscotch2d_hib_busywait_nobarrier
E1_BUS175	busywait	32	1	175	inter_socket	hopscotch2d_hib_busywait_nobarrier
E1_BUS176	busywait	32	1	176	inter_socket	hopscotch2d_hib_busywait_nobarrier
E1_BUS177	busywait	32	1	177	inter_socket	hopscotch2d_hib_busywait_nobarrier
E1_BUS178	busywait	32	1	178	inter_socket	hopscotch2d_hib_busywait_nobarrier
E1_BUS179	busywait	32	1	179	inter_socket	hopscotch2d_hib_busywait_nobarrier
E1_BUS180	busywait	32	1	180	inter_socket	hopscotch2d_hib_busywait_nobarrier
E1_BUS181	busywait	32	1	181	inter_socket	hopscotch2d_hib_busywait_nobarrier
E1_BUS182	busywait	32	1	182	inter_socket	hopscotch2d_hib_busywait_nobarrier
E1_BUS183	busywait	32	1	183	inter_socket	hopscotch2d_hib_busywait_nobarrier
E1_BUS184	busywait	32	1	184	inter_socket	hopscotch2d_hib_busywait_nobarrier
E1_BUS185	busywait	32	1	185	inter_socket	hopscotch2d_hib_busywait_nobarrier
E1_BUS186	busywait	32	1	186	inter_socket	hopscotch2d_hib_busywait_nobarrier
E1_BUS187	busywait	32	1	187	inter_socket	hopscotch2d_hib_busywait_nobarrier
E1_BUS188	busywait	32	1	188	inter_socket	hopscotch2d_hib_busywait_nobarrier
E1_BUS189	busywait	32	1	189	inter_socket	hopscotch2d_hib_busywait_nobarrier
E1_BUS190	busywait	32	1	190	inter_socket	hopscotch2d_hib_busywait_nobarrier
E1_BUS191	busywait	32	1	191	inter_socket	hopscotch2d_hib_busywait_nobarrier
E1_BUS192	busywait	32	1	192	inter_socket	hopscotch2d_hib_busywait_nobarrier
E1_SEM001	semaphore	32	1	1	inter_socket	hopscotch2d_hib_sem_nobarrier
E1_SEM002	semaphore	32	1	2	inter_socket	hopscotch2d_hib_sem_nobarrier
E1_SEM003	semaphore	32	1	3	inter_socket	hopscotch2d_hib_sem_nobarrier
E1_SEM004	semaphore	32	1	4	inter_socket	hopscotch2d_hib_sem_nobarrier
E1_SEM005	semaphore	32	1	5	inter_socket	hopscotch2d_hib_sem_nobarrier
E1_SEM006	semaphore	32	1	6	inter_socket	hopscotch2d_hib_sem_nobarrier
E1_SEM007	semaphore	32	1	7	inter_socket	hopscotch2d_hib_sem_nobarrier
E1_SEM008	semaphore	32	1	8	inter_socket	hopscotch2d_hib_sem_nobarrier
E1_SEM009	semaphore	32	1	9	inter_socket	hopscotch2d_hib_sem_nobarrier
E1_SEM010	semaphore	32	1	10	inter_socket	hopscotch2d_hib_sem_nobarrier
E1_SEM011	semaphore	32	1	11	inter_socket	hopscotch2d_hib_sem_nobarrier
E1_SEM012	semaphore	32	1	12	inter_socket	hopscotch2d_hib_sem_nobarrier
E1_SEM013	semaphore	32	1	13	inter_socket	hopscotch2d_hib_sem_nobarrier
E1_SEM014	semaphore	32	1	14	inter_socket	hopscotch2d_hib_sem_nobarrier
E1_SEM015	semaphore	32	1	15	inter_socket	hopscotch2d_hib_sem_nobarrier
E1_SEM016	semaphore	32	1	16	inter_socket	hopscotch2d_hib_sem_nobarrier
E1_SEM017	semaphore	32	1	17	inter_socket	hopscotch2d_hib_sem_nobarrier
E1_SEM018	semaphore	32	1	18	inter_socket	hopscotch2d_hib_sem_nobarrier
E1_SEM019	semaphore	32	1	19	inter_socket	hopscotch2d_hib_sem_nobarrier
E1_SEM020	semaphore	32	1	20	inter_socket	hopscotch2d_hib_sem_nobarrier
E1_SEM021	semaphore	32	1	21	inter_socket	hopscotch2d_hib_sem_nobarrier
E1_SEM022	semaphore	32	1	22	inter_socket	hopscotch2d_hib_sem_nobarrier
E1_SEM023	semaphore	32	1	23	inter_socket	hopscotch2d_hib_sem_nobarrier
E1_SEM024	semaphore	32	1	24	inter_socket	hopscotch2d_hib_sem_nobarrier
E1_SEM025	semaphore	32	1	25	inter_socket	hopscotch2d_hib_sem_nobarrier
E1_SEM026	semaphore	32	1	26	inter_socket	hopscotch2d_hib_sem_nobarrier
E1_SEM027	semaphore	32	1	27	inter_socket	hopscotch2d_hib_sem_nobarrier
E1_SEM028	semaphore	32	1	28	inter_socket	hopscotch2d_hib_sem_nobarrier
E1_SEM029	semaphore	32	1	29	inter_socket	hopscotch2d_hib_sem_nobarrier
E1_SEM030	semaphore	32	1	30	inter_socket	hopscotch2d_hib_sem_nobarrier
E1_SEM031	semaphore	32	1	31	inter_socket	hopscotch2d_hib_sem_nobarrier
E1_SEM032	semaphore	32	1	32	inter_socket	hopscotch2d_hib_sem_nobarrier
E1_SEM033	semaphore	32	1	33	inter_socket	hopscotch2d_hib_sem_nobarrier
E1_SEM034	semaphore	32	1	34	inter_socket	hopscotch2d_hib_sem_nobarrier
E1_SEM035	semaphore	32	1	35	inter_socket	hopscotch2d_hib_sem_nobarrier
E1_SEM036	semaphore	32	1	36	inter_socket	hopscotch2d_hib_sem_nobarrier
E1_SEM037	semaphore	32	1	37	inter_socket	hopscotch2d_hib_sem_nobarrier
E1_SEM038	semaphore	32	1	38	inter_socket	hopscotch2d_hib_sem_nobarrier
E1_SEM039	semaphore	32	1	39	inter_socket	hopscotch2d_hib_sem_nobarrier
E1_SEM040	semaphore	32	1	40	inter_socket	hopscotch2d_hib_sem_nobarrier
E1_SEM041	semaphore	32	1	41	inter_socket	hopscotch2d_hib_sem_nobarrier
E1_SEM042	semaphore	32	1	42	inter_socket	hopscotch2d_hib_sem_nobarrier
E1_SEM043	semaphore	32	1	43	inter_socket	hopscotch2d_hib_sem_nobarrier
E1_SEM044	semaphore	32	1	44	inter_socket	hopscotch2d_hib_sem_nobarrier
E1_SEM045	semaphore	32	1	45	inter_socket	hopscotch2d_hib_sem_nobarrier
E1_SEM046	semaphore	32	1	46	inter_socket	hopscotch2d_hib_sem_nobarrier
E1_SEM047	semaphore	32	1	47	inter_socket	hopscotch2d_hib_sem_nobarrier
E1_SEM048	semaphore	32	1	48	inter_socket	hopscotch2d_hib_sem_nobarrier
E1_SEM049	semaphore	32	1	49	inter_socket	hopscotch2d_hib_sem_nobarrier
E1_SEM050	semaphore	32	1	50	inter_socket	hopscotch2d_hib_sem_nobarrier
E1_SEM051	semaphore	32	1	51	inter_socket	hopscotch2d_hib_sem_nobarrier
E1_SEM052	semaphore	32	1	52	inter_socket	hopscotch2d_hib_sem_nobarrier
E1_SEM053	semaphore	32	1	53	inter_socket	hopscotch2d_hib_sem_nobarrier
E1_SEM054	semaphore	32	1	54	inter_socket	hopscotch2d_hib_sem_nobarrier
E1_SEM055	semaphore	32	1	55	inter_socket	hopscotch2d_hib_sem_nobarrier
E1_SEM056	semaphore	32	1	56	inter_socket	hopscotch2d_hib_sem_nobarrier
E1_SEM057	semaphore	32	1	57	inter_socket	hopscotch2d_hib_sem_nobarrier
E1_SEM058	semaphore	32	1	58	inter_socket	hopscotch2d_hib_sem_nobarrier
E1_SEM059	semaphore	32	1	59	inter_socket	hopscotch2d_hib_sem_nobarrier
E1_SEM060	semaphore	32	1	60	inter_socket	hopscotch2d_hib_sem_nobarrier
E1_SEM061	semaphore	32	1	61	inter_socket	hopscotch2d_hib_sem_nobarrier
E1_SEM062	semaphore	32	1	62	inter_socket	hopscotch2d_hib_sem_nobarrier
E1_SEM063	semaphore	32	1	63	inter_socket	hopscotch2d_hib_sem_nobarrier
E1_SEM064	semaphore	32	1	64	inter_socket	hopscotch2d_hib_sem_nobarrier
E1_SEM065	semaphore	32	1	65	inter_socket	hopscotch2d_hib_sem_nobarrier
E1_SEM066	semaphore	32	1	66	inter_socket	hopscotch2d_hib_sem_nobarrier
E1_SEM067	semaphore	32	1	67	inter_socket	hopscotch2d_hib_sem_nobarrier
E1_SEM068	semaphore	32	1	68	inter_socket	hopscotch2d_hib_sem_nobarrier
E1_SEM069	semaphore	32	1	69	inter_socket	hopscotch2d_hib_sem_nobarrier
E1_SEM070	semaphore	32	1	70	inter_socket	hopscotch2d_hib_sem_nobarrier
E1_SEM071	semaphore	32	1	71	inter_socket	hopscotch2d_hib_sem_nobarrier
E1_SEM072	semaphore	32	1	72	inter_socket	hopscotch2d_hib_sem_nobarrier
E1_SEM073	semaphore	32	1	73	inter_socket	hopscotch2d_hib_sem_nobarrier
E1_SEM074	semaphore	32	1	74	inter_socket	hopscotch2d_hib_sem_nobarrier
E1_SEM075	semaphore	32	1	75	inter_socket	hopscotch2d_hib_sem_nobarrier
E1_SEM076	semaphore	32	1	76	inter_socket	hopscotch2d_hib_sem_nobarrier
E1_SEM077	semaphore	32	1	77	inter_socket	hopscotch2d_hib_sem_nobarrier
E1_SEM078	semaphore	32	1	78	inter_socket	hopscotch2d_hib_sem_nobarrier
E1_SEM079	semaphore	32	1	79	inter_socket	hopscotch2d_hib_sem_nobarrier
E1_SEM080	semaphore	32	1	80	inter_socket	hopscotch2d_hib_sem_nobarrier
E1_SEM081	semaphore	32	1	81	inter_socket	hopscotch2d_hib_sem_nobarrier
E1_SEM082	semaphore	32	1	82	inter_socket	hopscotch2d_hib_sem_nobarrier
E1_SEM083	semaphore	32	1	83	inter_socket	hopscotch2d_hib_sem_nobarrier
E1_SEM084	semaphore	32	1	84	inter_socket	hopscotch2d_hib_sem_nobarrier
E1_SEM085	semaphore	32	1	85	inter_socket	hopscotch2d_hib_sem_nobarrier
E1_SEM086	semaphore	32	1	86	inter_socket	hopscotch2d_hib_sem_nobarrier
E1_SEM087	semaphore	32	1	87	inter_socket	hopscotch2d_hib_sem_nobarrier
E1_SEM088	semaphore	32	1	88	inter_socket	hopscotch2d_hib_sem_nobarrier
E1_SEM089	semaphore	32	1	89	inter_socket	hopscotch2d_hib_sem_nobarrier
E1_SEM090	semaphore	32	1	90	inter_socket	hopscotch2d_hib_sem_nobarrier
E1_SEM091	semaphore	32	1	91	inter_socket	hopscotch2d_hib_sem_nobarrier
E1_SEM092	semaphore	32	1	92	inter_socket	hopscotch2d_hib_sem_nobarrier
E1_SEM093	semaphore	32	1	93	inter_socket	hopscotch2d_hib_sem_nobarrier
E1_SEM094	semaphore	32	1	94	inter_socket	hopscotch2d_hib_sem_nobarrier
E1_SEM095	semaphore	32	1	95	inter_socket	hopscotch2d_hib_sem_nobarrier
E1_SEM096	semaphore	32	1	96	inter_socket	hopscotch2d_hib_sem_nobarrier
E1_SEM097	semaphore	32	1	97	inter_socket	hopscotch2d_hib_sem_nobarrier
E1_SEM098	semaphore	32	1	98	inter_socket	hopscotch2d_hib_sem_nobarrier
E1_SEM099	semaphore	32	1	99	inter_socket	hopscotch2d_hib_sem_nobarrier
E1_SEM100	semaphore	32	1	100	inter_socket	hopscotch2d_hib_sem_nobarrier
E1_SEM101	semaphore	32	1	101	inter_socket	hopscotch2d_hib_sem_nobarrier
E1_SEM102	semaphore	32	1	102	inter_socket	hopscotch2d_hib_sem_nobarrier
E1_SEM103	semaphore	32	1	103	inter_socket	hopscotch2d_hib_sem_nobarrier
E1_SEM104	semaphore	32	1	104	inter_socket	hopscotch2d_hib_sem_nobarrier
E1_SEM105	semaphore	32	1	105	inter_socket	hopscotch2d_hib_sem_nobarrier
E1_SEM106	semaphore	32	1	106	inter_socket	hopscotch2d_hib_sem_nobarrier
E1_SEM107	semaphore	32	1	107	inter_socket	hopscotch2d_hib_sem_nobarrier
E1_SEM108	semaphore	32	1	108	inter_socket	hopscotch2d_hib_sem_nobarrier
E1_SEM109	semaphore	32	1	109	inter_socket	hopscotch2d_hib_sem_nobarrier
E1_SEM110	semaphore	32	1	110	inter_socket	hopscotch2d_hib_sem_nobarrier
E1_SEM111	semaphore	32	1	111	inter_socket	hopscotch2d_hib_sem_nobarrier
E1_SEM112	semaphore	32	1	112	inter_socket	hopscotch2d_hib_sem_nobarrier
E1_SEM113	semaphore	32	1	113	inter_socket	hopscotch2d_hib_sem_nobarrier
E1_SEM114	semaphore	32	1	114	inter_socket	hopscotch2d_hib_sem_nobarrier
E1_SEM115	semaphore	32	1	115	inter_socket	hopscotch2d_hib_sem_nobarrier
E1_SEM116	semaphore	32	1	116	inter_socket	hopscotch2d_hib_sem_nobarrier
E1_SEM117	semaphore	32	1	117	inter_socket	hopscotch2d_hib_sem_nobarrier
E1_SEM118	semaphore	32	1	118	inter_socket	hopscotch2d_hib_sem_nobarrier
E1_SEM119	semaphore	32	1	119	inter_socket	hopscotch2d_hib_sem_nobarrier
E1_SEM120	semaphore	32	1	120	inter_socket	hopscotch2d_hib_sem_nobarrier
E1_SEM121	semaphore	32	1	121	inter_socket	hopscotch2d_hib_sem_nobarrier
E1_SEM122	semaphore	32	1	122	inter_socket	hopscotch2d_hib_sem_nobarrier
E1_SEM123	semaphore	32	1	123	inter_socket	hopscotch2d_hib_sem_nobarrier
E1_SEM124	semaphore	32	1	124	inter_socket	hopscotch2d_hib_sem_nobarrier
E1_SEM125	semaphore	32	1	125	inter_socket	hopscotch2d_hib_sem_nobarrier
E1_SEM126	semaphore	32	1	126	inter_socket	hopscotch2d_hib_sem_nobarrier
E1_SEM127	semaphore	32	1	127	inter_socket	hopscotch2d_hib_sem_nobarrier
E1_SEM128	semaphore	32	1	128	inter_socket	hopscotch2d_hib_sem_nobarrier
E1_SEM129	semaphore	32	1	129	inter_socket	hopscotch2d_hib_sem_nobarrier
E1_SEM130	semaphore	32	1	130	inter_socket	hopscotch2d_hib_sem_nobarrier
E1_SEM131	semaphore	32	1	131	inter_socket	hopscotch2d_hib_sem_nobarrier
E1_SEM132	semaphore	32	1	132	inter_socket	hopscotch2d_hib_sem_nobarrier
E1_SEM133	semaphore	32	1	133	inter_socket	hopscotch2d_hib_sem_nobarrier
E1_SEM134	semaphore	32	1	134	inter_socket	hopscotch2d_hib_sem_nobarrier
E1_SEM135	semaphore	32	1	135	inter_socket	hopscotch2d_hib_sem_nobarrier
E1_SEM136	semaphore	32	1	136	inter_socket	hopscotch2d_hib_sem_nobarrier
E1_SEM137	semaphore	32	1	137	inter_socket	hopscotch2d_hib_sem_nobarrier
E1_SEM138	semaphore	32	1	138	inter_socket	hopscotch2d_hib_sem_nobarrier
E1_SEM139	semaphore	32	1	139	inter_socket	hopscotch2d_hib_sem_nobarrier
E1_SEM140	semaphore	32	1	140	inter_socket	hopscotch2d_hib_sem_nobarrier
E1_SEM141	semaphore	32	1	141	inter_socket	hopscotch2d_hib_sem_nobarrier
E1_SEM142	semaphore	32	1	142	inter_socket	hopscotch2d_hib_sem_nobarrier
E1_SEM143	semaphore	32	1	143	inter_socket	hopscotch2d_hib_sem_nobarrier
E1_SEM144	semaphore	32	1	144	inter_socket	hopscotch2d_hib_sem_nobarrier
E1_SEM145	semaphore	32	1	145	inter_socket	hopscotch2d_hib_sem_nobarrier
E1_SEM146	semaphore	32	1	146	inter_socket	hopscotch2d_hib_sem_nobarrier
E1_SEM147	semaphore	32	1	147	inter_socket	hopscotch2d_hib_sem_nobarrier
E1_SEM148	semaphore	32	1	148	inter_socket	hopscotch2d_hib_sem_nobarrier
E1_SEM149	semaphore	32	1	149	inter_socket	hopscotch2d_hib_sem_nobarrier
E1_SEM150	semaphore	32	1	150	inter_socket	hopscotch2d_hib_sem_nobarrier
E1_SEM151	semaphore	32	1	151	inter_socket	hopscotch2d_hib_sem_nobarrier
E1_SEM152	semaphore	32	1	152	inter_socket	hopscotch2d_hib_sem_nobarrier
E1_SEM153	semaphore	32	1	153	inter_socket	hopscotch2d_hib_sem_nobarrier
E1_SEM154	semaphore	32	1	154	inter_socket	hopscotch2d_hib_sem_nobarrier
E1_SEM155	semaphore	32	1	155	inter_socket	hopscotch2d_hib_sem_nobarrier
E1_SEM156	semaphore	32	1	156	inter_socket	hopscotch2d_hib_sem_nobarrier
E1_SEM157	semaphore	32	1	157	inter_socket	hopscotch2d_hib_sem_nobarrier
E1_SEM158	semaphore	32	1	158	inter_socket	hopscotch2d_hib_sem_nobarrier
E1_SEM159	semaphore	32	1	159	inter_socket	hopscotch2d_hib_sem_nobarrier
E1_SEM160	semaphore	32	1	160	inter_socket	hopscotch2d_hib_sem_nobarrier
E1_SEM161	semaphore	32	1	161	inter_socket	hopscotch2d_hib_sem_nobarrier
E1_SEM162	semaphore	32	1	162	inter_socket	hopscotch2d_hib_sem_nobarrier
E1_SEM163	semaphore	32	1	163	inter_socket	hopscotch2d_hib_sem_nobarrier
E1_SEM164	semaphore	32	1	164	inter_socket	hopscotch2d_hib_sem_nobarrier
E1_SEM165	semaphore	32	1	165	inter_socket	hopscotch2d_hib_sem_nobarrier
E1_SEM166	semaphore	32	1	166	inter_socket	hopscotch2d_hib_sem_nobarrier
E1_SEM167	semaphore	32	1	167	inter_socket	hopscotch2d_hib_sem_nobarrier
E1_SEM168	semaphore	32	1	168	inter_socket	hopscotch2d_hib_sem_nobarrier
E1_SEM169	semaphore	32	1	169	inter_socket	hopscotch2d_hib_sem_nobarrier
E1_SEM170	semaphore	32	1	170	inter_socket	hopscotch2d_hib_sem_nobarrier
E1_SEM171	semaphore	32	1	171	inter_socket	hopscotch2d_hib_sem_nobarrier
E1_SEM172	semaphore	32	1	172	inter_socket	hopscotch2d_hib_sem_nobarrier
E1_SEM173	semaphore	32	1	173	inter_socket	hopscotch2d_hib_sem_nobarrier
E1_SEM174	semaphore	32	1	174	inter_socket	hopscotch2d_hib_sem_nobarrier
E1_SEM175	semaphore	32	1	175	inter_socket	hopscotch2d_hib_sem_nobarrier
E1_SEM176	semaphore	32	1	176	inter_socket	hopscotch2d_hib_sem_nobarrier
E1_SEM177	semaphore	32	1	177	inter_socket	hopscotch2d_hib_sem_nobarrier
E1_SEM178	semaphore	32	1	178	inter_socket	hopscotch2d_hib_sem_nobarrier
E1_SEM179	semaphore	32	1	179	inter_socket	hopscotch2d_hib_sem_nobarrier
E1_SEM180	semaphore	32	1	180	inter_socket	hopscotch2d_hib_sem_nobarrier
E1_SEM181	semaphore	32	1	181	inter_socket	hopscotch2d_hib_sem_nobarrier
E1_SEM182	semaphore	32	1	182	inter_socket	hopscotch2d_hib_sem_nobarrier
E1_SEM183	semaphore	32	1	183	inter_socket	hopscotch2d_hib_sem_nobarrier
E1_SEM184	semaphore	32	1	184	inter_socket	hopscotch2d_hib_sem_nobarrier
E1_SEM185	semaphore	32	1	185	inter_socket	hopscotch2d_hib_sem_nobarrier
E1_SEM186	semaphore	32	1	186	inter_socket	hopscotch2d_hib_sem_nobarrier
E1_SEM187	semaphore	32	1	187	inter_socket	hopscotch2d_hib_sem_nobarrier
E1_SEM188	semaphore	32	1	188	inter_socket	hopscotch2d_hib_sem_nobarrier
E1_SEM189	semaphore	32	1	189	inter_socket	hopscotch2d_hib_sem_nobarrier
E1_SEM190	semaphore	32	1	190	inter_socket	hopscotch2d_hib_sem_nobarrier
E1_SEM191	semaphore	32	1	191	inter_socket	hopscotch2d_hib_sem_nobarrier
E1_SEM192	semaphore	32	1	192	inter_socket	hopscotch2d_hib_sem_nobarrier
