ID	VARIANT	TILE	R	T	PLACEMENT	EXE
E4_NAI001	naive	32	2	1	one_rank_per_socket	hopscotch2d_hib_naive
E4_NAI002	naive	32	2	2	one_rank_per_socket	hopscotch2d_hib_naive
E4_NAI003	naive	32	2	3	one_rank_per_socket	hopscotch2d_hib_naive
E4_NAI004	naive	32	2	4	one_rank_per_socket	hopscotch2d_hib_naive
E4_NAI005	naive	32	2	5	one_rank_per_socket	hopscotch2d_hib_naive
E4_NAI006	naive	32	2	6	one_rank_per_socket	hopscotch2d_hib_naive
E4_NAI007	naive	32	2	7	one_rank_per_socket	hopscotch2d_hib_naive
E4_NAI008	naive	32	2	8	one_rank_per_socket	hopscotch2d_hib_naive
E4_NAI009	naive	32	2	9	one_rank_per_socket	hopscotch2d_hib_naive
E4_NAI010	naive	32	2	10	one_rank_per_socket	hopscotch2d_hib_naive
E4_NAI011	naive	32	2	11	one_rank_per_socket	hopscotch2d_hib_naive
E4_NAI012	naive	32	2	12	one_rank_per_socket	hopscotch2d_hib_naive
E4_NAI013	naive	32	2	13	one_rank_per_socket	hopscotch2d_hib_naive
E4_NAI014	naive	32	2	14	one_rank_per_socket	hopscotch2d_hib_naive
E4_NAI015	naive	32	2	15	one_rank_per_socket	hopscotch2d_hib_naive
E4_NAI016	naive	32	2	16	one_rank_per_socket	hopscotch2d_hib_naive
E4_NAI017	naive	32	2	17	one_rank_per_socket	hopscotch2d_hib_naive
E4_NAI018	naive	32	2	18	one_rank_per_socket	hopscotch2d_hib_naive
E4_NAI019	naive	32	2	19	one_rank_per_socket	hopscotch2d_hib_naive
E4_NAI020	naive	32	2	20	one_rank_per_socket	hopscotch2d_hib_naive
E4_NAI021	naive	32	2	21	one_rank_per_socket	hopscotch2d_hib_naive
E4_NAI022	naive	32	2	22	one_rank_per_socket	hopscotch2d_hib_naive
E4_NAI023	naive	32	2	23	one_rank_per_socket	hopscotch2d_hib_naive
E4_NAI024	naive	32	2	24	one_rank_per_socket	hopscotch2d_hib_naive
E4_NAI025	naive	32	2	25	one_rank_per_socket	hopscotch2d_hib_naive
E4_NAI026	naive	32	2	26	one_rank_per_socket	hopscotch2d_hib_naive
E4_NAI027	naive	32	2	27	one_rank_per_socket	hopscotch2d_hib_naive
E4_NAI028	naive	32	2	28	one_rank_per_socket	hopscotch2d_hib_naive
E4_NAI029	naive	32	2	29	one_rank_per_socket	hopscotch2d_hib_naive
E4_NAI030	naive	32	2	30	one_rank_per_socket	hopscotch2d_hib_naive
E4_NAI031	naive	32	2	31	one_rank_per_socket	hopscotch2d_hib_naive
E4_NAI032	naive	32	2	32	one_rank_per_socket	hopscotch2d_hib_naive
E4_NAI033	naive	32	2	33	one_rank_per_socket	hopscotch2d_hib_naive
E4_NAI034	naive	32	2	34	one_rank_per_socket	hopscotch2d_hib_naive
E4_NAI035	naive	32	2	35	one_rank_per_socket	hopscotch2d_hib_naive
E4_NAI036	naive	32	2	36	one_rank_per_socket	hopscotch2d_hib_naive
E4_NAI037	naive	32	2	37	one_rank_per_socket	hopscotch2d_hib_naive
E4_NAI038	naive	32	2	38	one_rank_per_socket	hopscotch2d_hib_naive
E4_NAI039	naive	32	2	39	one_rank_per_socket	hopscotch2d_hib_naive
E4_NAI040	naive	32	2	40	one_rank_per_socket	hopscotch2d_hib_naive
E4_NAI041	naive	32	2	41	one_rank_per_socket	hopscotch2d_hib_naive
E4_NAI042	naive	32	2	42	one_rank_per_socket	hopscotch2d_hib_naive
E4_NAI043	naive	32	2	43	one_rank_per_socket	hopscotch2d_hib_naive
E4_NAI044	naive	32	2	44	one_rank_per_socket	hopscotch2d_hib_naive
E4_NAI045	naive	32	2	45	one_rank_per_socket	hopscotch2d_hib_naive
E4_NAI046	naive	32	2	46	one_rank_per_socket	hopscotch2d_hib_naive
E4_NAI047	naive	32	2	47	one_rank_per_socket	hopscotch2d_hib_naive
E4_NAI048	naive	32	2	48	one_rank_per_socket	hopscotch2d_hib_naive
E4_NAI049	naive	32	2	49	one_rank_per_socket	hopscotch2d_hib_naive
E4_NAI050	naive	32	2	50	one_rank_per_socket	hopscotch2d_hib_naive
E4_NAI051	naive	32	2	51	one_rank_per_socket	hopscotch2d_hib_naive
E4_NAI052	naive	32	2	52	one_rank_per_socket	hopscotch2d_hib_naive
E4_NAI053	naive	32	2	53	one_rank_per_socket	hopscotch2d_hib_naive
E4_NAI054	naive	32	2	54	one_rank_per_socket	hopscotch2d_hib_naive
E4_NAI055	naive	32	2	55	one_rank_per_socket	hopscotch2d_hib_naive
E4_NAI056	naive	32	2	56	one_rank_per_socket	hopscotch2d_hib_naive
E4_NAI057	naive	32	2	57	one_rank_per_socket	hopscotch2d_hib_naive
E4_NAI058	naive	32	2	58	one_rank_per_socket	hopscotch2d_hib_naive
E4_NAI059	naive	32	2	59	one_rank_per_socket	hopscotch2d_hib_naive
E4_NAI060	naive	32	2	60	one_rank_per_socket	hopscotch2d_hib_naive
E4_NAI061	naive	32	2	61	one_rank_per_socket	hopscotch2d_hib_naive
E4_NAI062	naive	32	2	62	one_rank_per_socket	hopscotch2d_hib_naive
E4_NAI063	naive	32	2	63	one_rank_per_socket	hopscotch2d_hib_naive
E4_NAI064	naive	32	2	64	one_rank_per_socket	hopscotch2d_hib_naive
E4_NAI065	naive	32	2	65	one_rank_per_socket	hopscotch2d_hib_naive
E4_NAI066	naive	32	2	66	one_rank_per_socket	hopscotch2d_hib_naive
E4_NAI067	naive	32	2	67	one_rank_per_socket	hopscotch2d_hib_naive
E4_NAI068	naive	32	2	68	one_rank_per_socket	hopscotch2d_hib_naive
E4_NAI069	naive	32	2	69	one_rank_per_socket	hopscotch2d_hib_naive
E4_NAI070	naive	32	2	70	one_rank_per_socket	hopscotch2d_hib_naive
E4_NAI071	naive	32	2	71	one_rank_per_socket	hopscotch2d_hib_naive
E4_NAI072	naive	32	2	72	one_rank_per_socket	hopscotch2d_hib_naive
E4_NAI073	naive	32	2	73	one_rank_per_socket	hopscotch2d_hib_naive
E4_NAI074	naive	32	2	74	one_rank_per_socket	hopscotch2d_hib_naive
E4_NAI075	naive	32	2	75	one_rank_per_socket	hopscotch2d_hib_naive
E4_NAI076	naive	32	2	76	one_rank_per_socket	hopscotch2d_hib_naive
E4_NAI077	naive	32	2	77	one_rank_per_socket	hopscotch2d_hib_naive
E4_NAI078	naive	32	2	78	one_rank_per_socket	hopscotch2d_hib_naive
E4_NAI079	naive	32	2	79	one_rank_per_socket	hopscotch2d_hib_naive
E4_NAI080	naive	32	2	80	one_rank_per_socket	hopscotch2d_hib_naive
E4_NAI081	naive	32	2	81	one_rank_per_socket	hopscotch2d_hib_naive
E4_NAI082	naive	32	2	82	one_rank_per_socket	hopscotch2d_hib_naive
E4_NAI083	naive	32	2	83	one_rank_per_socket	hopscotch2d_hib_naive
E4_NAI084	naive	32	2	84	one_rank_per_socket	hopscotch2d_hib_naive
E4_NAI085	naive	32	2	85	one_rank_per_socket	hopscotch2d_hib_naive
E4_NAI086	naive	32	2	86	one_rank_per_socket	hopscotch2d_hib_naive
E4_NAI087	naive	32	2	87	one_rank_per_socket	hopscotch2d_hib_naive
E4_NAI088	naive	32	2	88	one_rank_per_socket	hopscotch2d_hib_naive
E4_NAI089	naive	32	2	89	one_rank_per_socket	hopscotch2d_hib_naive
E4_NAI090	naive	32	2	90	one_rank_per_socket	hopscotch2d_hib_naive
E4_NAI091	naive	32	2	91	one_rank_per_socket	hopscotch2d_hib_naive
E4_NAI092	naive	32	2	92	one_rank_per_socket	hopscotch2d_hib_naive
E4_NAI093	naive	32	2	93	one_rank_per_socket	hopscotch2d_hib_naive
E4_NAI094	naive	32	2	94	one_rank_per_socket	hopscotch2d_hib_naive
E4_NAI095	naive	32	2	95	one_rank_per_socket	hopscotch2d_hib_naive
E4_NAI096	naive	32	2	96	one_rank_per_socket	hopscotch2d_hib_naive
E4_BUS001	busywait	32	2	1	one_rank_per_socket	hopscotch2d_hib_busywait_nobarrier
E4_BUS002	busywait	32	2	2	one_rank_per_socket	hopscotch2d_hib_busywait_nobarrier
E4_BUS003	busywait	32	2	3	one_rank_per_socket	hopscotch2d_hib_busywait_nobarrier
E4_BUS004	busywait	32	2	4	one_rank_per_socket	hopscotch2d_hib_busywait_nobarrier
E4_BUS005	busywait	32	2	5	one_rank_per_socket	hopscotch2d_hib_busywait_nobarrier
E4_BUS006	busywait	32	2	6	one_rank_per_socket	hopscotch2d_hib_busywait_nobarrier
E4_BUS007	busywait	32	2	7	one_rank_per_socket	hopscotch2d_hib_busywait_nobarrier
E4_BUS008	busywait	32	2	8	one_rank_per_socket	hopscotch2d_hib_busywait_nobarrier
E4_BUS009	busywait	32	2	9	one_rank_per_socket	hopscotch2d_hib_busywait_nobarrier
E4_BUS010	busywait	32	2	10	one_rank_per_socket	hopscotch2d_hib_busywait_nobarrier
E4_BUS011	busywait	32	2	11	one_rank_per_socket	hopscotch2d_hib_busywait_nobarrier
E4_BUS012	busywait	32	2	12	one_rank_per_socket	hopscotch2d_hib_busywait_nobarrier
E4_BUS013	busywait	32	2	13	one_rank_per_socket	hopscotch2d_hib_busywait_nobarrier
E4_BUS014	busywait	32	2	14	one_rank_per_socket	hopscotch2d_hib_busywait_nobarrier
E4_BUS015	busywait	32	2	15	one_rank_per_socket	hopscotch2d_hib_busywait_nobarrier
E4_BUS016	busywait	32	2	16	one_rank_per_socket	hopscotch2d_hib_busywait_nobarrier
E4_BUS017	busywait	32	2	17	one_rank_per_socket	hopscotch2d_hib_busywait_nobarrier
E4_BUS018	busywait	32	2	18	one_rank_per_socket	hopscotch2d_hib_busywait_nobarrier
E4_BUS019	busywait	32	2	19	one_rank_per_socket	hopscotch2d_hib_busywait_nobarrier
E4_BUS020	busywait	32	2	20	one_rank_per_socket	hopscotch2d_hib_busywait_nobarrier
E4_BUS021	busywait	32	2	21	one_rank_per_socket	hopscotch2d_hib_busywait_nobarrier
E4_BUS022	busywait	32	2	22	one_rank_per_socket	hopscotch2d_hib_busywait_nobarrier
E4_BUS023	busywait	32	2	23	one_rank_per_socket	hopscotch2d_hib_busywait_nobarrier
E4_BUS024	busywait	32	2	24	one_rank_per_socket	hopscotch2d_hib_busywait_nobarrier
E4_BUS025	busywait	32	2	25	one_rank_per_socket	hopscotch2d_hib_busywait_nobarrier
E4_BUS026	busywait	32	2	26	one_rank_per_socket	hopscotch2d_hib_busywait_nobarrier
E4_BUS027	busywait	32	2	27	one_rank_per_socket	hopscotch2d_hib_busywait_nobarrier
E4_BUS028	busywait	32	2	28	one_rank_per_socket	hopscotch2d_hib_busywait_nobarrier
E4_BUS029	busywait	32	2	29	one_rank_per_socket	hopscotch2d_hib_busywait_nobarrier
E4_BUS030	busywait	32	2	30	one_rank_per_socket	hopscotch2d_hib_busywait_nobarrier
E4_BUS031	busywait	32	2	31	one_rank_per_socket	hopscotch2d_hib_busywait_nobarrier
E4_BUS032	busywait	32	2	32	one_rank_per_socket	hopscotch2d_hib_busywait_nobarrier
E4_BUS033	busywait	32	2	33	one_rank_per_socket	hopscotch2d_hib_busywait_nobarrier
E4_BUS034	busywait	32	2	34	one_rank_per_socket	hopscotch2d_hib_busywait_nobarrier
E4_BUS035	busywait	32	2	35	one_rank_per_socket	hopscotch2d_hib_busywait_nobarrier
E4_BUS036	busywait	32	2	36	one_rank_per_socket	hopscotch2d_hib_busywait_nobarrier
E4_BUS037	busywait	32	2	37	one_rank_per_socket	hopscotch2d_hib_busywait_nobarrier
E4_BUS038	busywait	32	2	38	one_rank_per_socket	hopscotch2d_hib_busywait_nobarrier
E4_BUS039	busywait	32	2	39	one_rank_per_socket	hopscotch2d_hib_busywait_nobarrier
E4_BUS040	busywait	32	2	40	one_rank_per_socket	hopscotch2d_hib_busywait_nobarrier
E4_BUS041	busywait	32	2	41	one_rank_per_socket	hopscotch2d_hib_busywait_nobarrier
E4_BUS042	busywait	32	2	42	one_rank_per_socket	hopscotch2d_hib_busywait_nobarrier
E4_BUS043	busywait	32	2	43	one_rank_per_socket	hopscotch2d_hib_busywait_nobarrier
E4_BUS044	busywait	32	2	44	one_rank_per_socket	hopscotch2d_hib_busywait_nobarrier
E4_BUS045	busywait	32	2	45	one_rank_per_socket	hopscotch2d_hib_busywait_nobarrier
E4_BUS046	busywait	32	2	46	one_rank_per_socket	hopscotch2d_hib_busywait_nobarrier
E4_BUS047	busywait	32	2	47	one_rank_per_socket	hopscotch2d_hib_busywait_nobarrier
E4_BUS048	busywait	32	2	48	one_rank_per_socket	hopscotch2d_hib_busywait_nobarrier
E4_BUS049	busywait	32	2	49	one_rank_per_socket	hopscotch2d_hib_busywait_nobarrier
E4_BUS050	busywait	32	2	50	one_rank_per_socket	hopscotch2d_hib_busywait_nobarrier
E4_BUS051	busywait	32	2	51	one_rank_per_socket	hopscotch2d_hib_busywait_nobarrier
E4_BUS052	busywait	32	2	52	one_rank_per_socket	hopscotch2d_hib_busywait_nobarrier
E4_BUS053	busywait	32	2	53	one_rank_per_socket	hopscotch2d_hib_busywait_nobarrier
E4_BUS054	busywait	32	2	54	one_rank_per_socket	hopscotch2d_hib_busywait_nobarrier
E4_BUS055	busywait	32	2	55	one_rank_per_socket	hopscotch2d_hib_busywait_nobarrier
E4_BUS056	busywait	32	2	56	one_rank_per_socket	hopscotch2d_hib_busywait_nobarrier
E4_BUS057	busywait	32	2	57	one_rank_per_socket	hopscotch2d_hib_busywait_nobarrier
E4_BUS058	busywait	32	2	58	one_rank_per_socket	hopscotch2d_hib_busywait_nobarrier
E4_BUS059	busywait	32	2	59	one_rank_per_socket	hopscotch2d_hib_busywait_nobarrier
E4_BUS060	busywait	32	2	60	one_rank_per_socket	hopscotch2d_hib_busywait_nobarrier
E4_BUS061	busywait	32	2	61	one_rank_per_socket	hopscotch2d_hib_busywait_nobarrier
E4_BUS062	busywait	32	2	62	one_rank_per_socket	hopscotch2d_hib_busywait_nobarrier
E4_BUS063	busywait	32	2	63	one_rank_per_socket	hopscotch2d_hib_busywait_nobarrier
E4_BUS064	busywait	32	2	64	one_rank_per_socket	hopscotch2d_hib_busywait_nobarrier
E4_BUS065	busywait	32	2	65	one_rank_per_socket	hopscotch2d_hib_busywait_nobarrier
E4_BUS066	busywait	32	2	66	one_rank_per_socket	hopscotch2d_hib_busywait_nobarrier
E4_BUS067	busywait	32	2	67	one_rank_per_socket	hopscotch2d_hib_busywait_nobarrier
E4_BUS068	busywait	32	2	68	one_rank_per_socket	hopscotch2d_hib_busywait_nobarrier
E4_BUS069	busywait	32	2	69	one_rank_per_socket	hopscotch2d_hib_busywait_nobarrier
E4_BUS070	busywait	32	2	70	one_rank_per_socket	hopscotch2d_hib_busywait_nobarrier
E4_BUS071	busywait	32	2	71	one_rank_per_socket	hopscotch2d_hib_busywait_nobarrier
E4_BUS072	busywait	32	2	72	one_rank_per_socket	hopscotch2d_hib_busywait_nobarrier
E4_BUS073	busywait	32	2	73	one_rank_per_socket	hopscotch2d_hib_busywait_nobarrier
E4_BUS074	busywait	32	2	74	one_rank_per_socket	hopscotch2d_hib_busywait_nobarrier
E4_BUS075	busywait	32	2	75	one_rank_per_socket	hopscotch2d_hib_busywait_nobarrier
E4_BUS076	busywait	32	2	76	one_rank_per_socket	hopscotch2d_hib_busywait_nobarrier
E4_BUS077	busywait	32	2	77	one_rank_per_socket	hopscotch2d_hib_busywait_nobarrier
E4_BUS078	busywait	32	2	78	one_rank_per_socket	hopscotch2d_hib_busywait_nobarrier
E4_BUS079	busywait	32	2	79	one_rank_per_socket	hopscotch2d_hib_busywait_nobarrier
E4_BUS080	busywait	32	2	80	one_rank_per_socket	hopscotch2d_hib_busywait_nobarrier
E4_BUS081	busywait	32	2	81	one_rank_per_socket	hopscotch2d_hib_busywait_nobarrier
E4_BUS082	busywait	32	2	82	one_rank_per_socket	hopscotch2d_hib_busywait_nobarrier
E4_BUS083	busywait	32	2	83	one_rank_per_socket	hopscotch2d_hib_busywait_nobarrier
E4_BUS084	busywait	32	2	84	one_rank_per_socket	hopscotch2d_hib_busywait_nobarrier
E4_BUS085	busywait	32	2	85	one_rank_per_socket	hopscotch2d_hib_busywait_nobarrier
E4_BUS086	busywait	32	2	86	one_rank_per_socket	hopscotch2d_hib_busywait_nobarrier
E4_BUS087	busywait	32	2	87	one_rank_per_socket	hopscotch2d_hib_busywait_nobarrier
E4_BUS088	busywait	32	2	88	one_rank_per_socket	hopscotch2d_hib_busywait_nobarrier
E4_BUS089	busywait	32	2	89	one_rank_per_socket	hopscotch2d_hib_busywait_nobarrier
E4_BUS090	busywait	32	2	90	one_rank_per_socket	hopscotch2d_hib_busywait_nobarrier
E4_BUS091	busywait	32	2	91	one_rank_per_socket	hopscotch2d_hib_busywait_nobarrier
E4_BUS092	busywait	32	2	92	one_rank_per_socket	hopscotch2d_hib_busywait_nobarrier
E4_BUS093	busywait	32	2	93	one_rank_per_socket	hopscotch2d_hib_busywait_nobarrier
E4_BUS094	busywait	32	2	94	one_rank_per_socket	hopscotch2d_hib_busywait_nobarrier
E4_BUS095	busywait	32	2	95	one_rank_per_socket	hopscotch2d_hib_busywait_nobarrier
E4_BUS096	busywait	32	2	96	one_rank_per_socket	hopscotch2d_hib_busywait_nobarrier
E4_SEM001	semaphore	32	2	1	one_rank_per_socket	hopscotch2d_hib_sem_nobarrier
E4_SEM002	semaphore	32	2	2	one_rank_per_socket	hopscotch2d_hib_sem_nobarrier
E4_SEM003	semaphore	32	2	3	one_rank_per_socket	hopscotch2d_hib_sem_nobarrier
E4_SEM004	semaphore	32	2	4	one_rank_per_socket	hopscotch2d_hib_sem_nobarrier
E4_SEM005	semaphore	32	2	5	one_rank_per_socket	hopscotch2d_hib_sem_nobarrier
E4_SEM006	semaphore	32	2	6	one_rank_per_socket	hopscotch2d_hib_sem_nobarrier
E4_SEM007	semaphore	32	2	7	one_rank_per_socket	hopscotch2d_hib_sem_nobarrier
E4_SEM008	semaphore	32	2	8	one_rank_per_socket	hopscotch2d_hib_sem_nobarrier
E4_SEM009	semaphore	32	2	9	one_rank_per_socket	hopscotch2d_hib_sem_nobarrier
E4_SEM010	semaphore	32	2	10	one_rank_per_socket	hopscotch2d_hib_sem_nobarrier
E4_SEM011	semaphore	32	2	11	one_rank_per_socket	hopscotch2d_hib_sem_nobarrier
E4_SEM012	semaphore	32	2	12	one_rank_per_socket	hopscotch2d_hib_sem_nobarrier
E4_SEM013	semaphore	32	2	13	one_rank_per_socket	hopscotch2d_hib_sem_nobarrier
E4_SEM014	semaphore	32	2	14	one_rank_per_socket	hopscotch2d_hib_sem_nobarrier
E4_SEM015	semaphore	32	2	15	one_rank_per_socket	hopscotch2d_hib_sem_nobarrier
E4_SEM016	semaphore	32	2	16	one_rank_per_socket	hopscotch2d_hib_sem_nobarrier
E4_SEM017	semaphore	32	2	17	one_rank_per_socket	hopscotch2d_hib_sem_nobarrier
E4_SEM018	semaphore	32	2	18	one_rank_per_socket	hopscotch2d_hib_sem_nobarrier
E4_SEM019	semaphore	32	2	19	one_rank_per_socket	hopscotch2d_hib_sem_nobarrier
E4_SEM020	semaphore	32	2	20	one_rank_per_socket	hopscotch2d_hib_sem_nobarrier
E4_SEM021	semaphore	32	2	21	one_rank_per_socket	hopscotch2d_hib_sem_nobarrier
E4_SEM022	semaphore	32	2	22	one_rank_per_socket	hopscotch2d_hib_sem_nobarrier
E4_SEM023	semaphore	32	2	23	one_rank_per_socket	hopscotch2d_hib_sem_nobarrier
E4_SEM024	semaphore	32	2	24	one_rank_per_socket	hopscotch2d_hib_sem_nobarrier
E4_SEM025	semaphore	32	2	25	one_rank_per_socket	hopscotch2d_hib_sem_nobarrier
E4_SEM026	semaphore	32	2	26	one_rank_per_socket	hopscotch2d_hib_sem_nobarrier
E4_SEM027	semaphore	32	2	27	one_rank_per_socket	hopscotch2d_hib_sem_nobarrier
E4_SEM028	semaphore	32	2	28	one_rank_per_socket	hopscotch2d_hib_sem_nobarrier
E4_SEM029	semaphore	32	2	29	one_rank_per_socket	hopscotch2d_hib_sem_nobarrier
E4_SEM030	semaphore	32	2	30	one_rank_per_socket	hopscotch2d_hib_sem_nobarrier
E4_SEM031	semaphore	32	2	31	one_rank_per_socket	hopscotch2d_hib_sem_nobarrier
E4_SEM032	semaphore	32	2	32	one_rank_per_socket	hopscotch2d_hib_sem_nobarrier
E4_SEM033	semaphore	32	2	33	one_rank_per_socket	hopscotch2d_hib_sem_nobarrier
E4_SEM034	semaphore	32	2	34	one_rank_per_socket	hopscotch2d_hib_sem_nobarrier
E4_SEM035	semaphore	32	2	35	one_rank_per_socket	hopscotch2d_hib_sem_nobarrier
E4_SEM036	semaphore	32	2	36	one_rank_per_socket	hopscotch2d_hib_sem_nobarrier
E4_SEM037	semaphore	32	2	37	one_rank_per_socket	hopscotch2d_hib_sem_nobarrier
E4_SEM038	semaphore	32	2	38	one_rank_per_socket	hopscotch2d_hib_sem_nobarrier
E4_SEM039	semaphore	32	2	39	one_rank_per_socket	hopscotch2d_hib_sem_nobarrier
E4_SEM040	semaphore	32	2	40	one_rank_per_socket	hopscotch2d_hib_sem_nobarrier
E4_SEM041	semaphore	32	2	41	one_rank_per_socket	hopscotch2d_hib_sem_nobarrier
E4_SEM042	semaphore	32	2	42	one_rank_per_socket	hopscotch2d_hib_sem_nobarrier
E4_SEM043	semaphore	32	2	43	one_rank_per_socket	hopscotch2d_hib_sem_nobarrier
E4_SEM044	semaphore	32	2	44	one_rank_per_socket	hopscotch2d_hib_sem_nobarrier
E4_SEM045	semaphore	32	2	45	one_rank_per_socket	hopscotch2d_hib_sem_nobarrier
E4_SEM046	semaphore	32	2	46	one_rank_per_socket	hopscotch2d_hib_sem_nobarrier
E4_SEM047	semaphore	32	2	47	one_rank_per_socket	hopscotch2d_hib_sem_nobarrier
E4_SEM048	semaphore	32	2	48	one_rank_per_socket	hopscotch2d_hib_sem_nobarrier
E4_SEM049	semaphore	32	2	49	one_rank_per_socket	hopscotch2d_hib_sem_nobarrier
E4_SEM050	semaphore	32	2	50	one_rank_per_socket	hopscotch2d_hib_sem_nobarrier
E4_SEM051	semaphore	32	2	51	one_rank_per_socket	hopscotch2d_hib_sem_nobarrier
E4_SEM052	semaphore	32	2	52	one_rank_per_socket	hopscotch2d_hib_sem_nobarrier
E4_SEM053	semaphore	32	2	53	one_rank_per_socket	hopscotch2d_hib_sem_nobarrier
E4_SEM054	semaphore	32	2	54	one_rank_per_socket	hopscotch2d_hib_sem_nobarrier
E4_SEM055	semaphore	32	2	55	one_rank_per_socket	hopscotch2d_hib_sem_nobarrier
E4_SEM056	semaphore	32	2	56	one_rank_per_socket	hopscotch2d_hib_sem_nobarrier
E4_SEM057	semaphore	32	2	57	one_rank_per_socket	hopscotch2d_hib_sem_nobarrier
E4_SEM058	semaphore	32	2	58	one_rank_per_socket	hopscotch2d_hib_sem_nobarrier
E4_SEM059	semaphore	32	2	59	one_rank_per_socket	hopscotch2d_hib_sem_nobarrier
E4_SEM060	semaphore	32	2	60	one_rank_per_socket	hopscotch2d_hib_sem_nobarrier
E4_SEM061	semaphore	32	2	61	one_rank_per_socket	hopscotch2d_hib_sem_nobarrier
E4_SEM062	semaphore	32	2	62	one_rank_per_socket	hopscotch2d_hib_sem_nobarrier
E4_SEM063	semaphore	32	2	63	one_rank_per_socket	hopscotch2d_hib_sem_nobarrier
E4_SEM064	semaphore	32	2	64	one_rank_per_socket	hopscotch2d_hib_sem_nobarrier
E4_SEM065	semaphore	32	2	65	one_rank_per_socket	hopscotch2d_hib_sem_nobarrier
E4_SEM066	semaphore	32	2	66	one_rank_per_socket	hopscotch2d_hib_sem_nobarrier
E4_SEM067	semaphore	32	2	67	one_rank_per_socket	hopscotch2d_hib_sem_nobarrier
E4_SEM068	semaphore	32	2	68	one_rank_per_socket	hopscotch2d_hib_sem_nobarrier
E4_SEM069	semaphore	32	2	69	one_rank_per_socket	hopscotch2d_hib_sem_nobarrier
E4_SEM070	semaphore	32	2	70	one_rank_per_socket	hopscotch2d_hib_sem_nobarrier
E4_SEM071	semaphore	32	2	71	one_rank_per_socket	hopscotch2d_hib_sem_nobarrier
E4_SEM072	semaphore	32	2	72	one_rank_per_socket	hopscotch2d_hib_sem_nobarrier
E4_SEM073	semaphore	32	2	73	one_rank_per_socket	hopscotch2d_hib_sem_nobarrier
E4_SEM074	semaphore	32	2	74	one_rank_per_socket	hopscotch2d_hib_sem_nobarrier
E4_SEM075	semaphore	32	2	75	one_rank_per_socket	hopscotch2d_hib_sem_nobarrier
E4_SEM076	semaphore	32	2	76	one_rank_per_socket	hopscotch2d_hib_sem_nobarrier
E4_SEM077	semaphore	32	2	77	one_rank_per_socket	hopscotch2d_hib_sem_nobarrier
E4_SEM078	semaphore	32	2	78	one_rank_per_socket	hopscotch2d_hib_sem_nobarrier
E4_SEM079	semaphore	32	2	79	one_rank_per_socket	hopscotch2d_hib_sem_nobarrier
E4_SEM080	semaphore	32	2	80	one_rank_per_socket	hopscotch2d_hib_sem_nobarrier
E4_SEM081	semaphore	32	2	81	one_rank_per_socket	hopscotch2d_hib_sem_nobarrier
E4_SEM082	semaphore	32	2	82	one_rank_per_socket	hopscotch2d_hib_sem_nobarrier
E4_SEM083	semaphore	32	2	83	one_rank_per_socket	hopscotch2d_hib_sem_nobarrier
E4_SEM084	semaphore	32	2	84	one_rank_per_socket	hopscotch2d_hib_sem_nobarrier
E4_SEM085	semaphore	32	2	85	one_rank_per_socket	hopscotch2d_hib_sem_nobarrier
E4_SEM086	semaphore	32	2	86	one_rank_per_socket	hopscotch2d_hib_sem_nobarrier
E4_SEM087	semaphore	32	2	87	one_rank_per_socket	hopscotch2d_hib_sem_nobarrier
E4_SEM088	semaphore	32	2	88	one_rank_per_socket	hopscotch2d_hib_sem_nobarrier
E4_SEM089	semaphore	32	2	89	one_rank_per_socket	hopscotch2d_hib_sem_nobarrier
E4_SEM090	semaphore	32	2	90	one_rank_per_socket	hopscotch2d_hib_sem_nobarrier
E4_SEM091	semaphore	32	2	91	one_rank_per_socket	hopscotch2d_hib_sem_nobarrier
E4_SEM092	semaphore	32	2	92	one_rank_per_socket	hopscotch2d_hib_sem_nobarrier
E4_SEM093	semaphore	32	2	93	one_rank_per_socket	hopscotch2d_hib_sem_nobarrier
E4_SEM094	semaphore	32	2	94	one_rank_per_socket	hopscotch2d_hib_sem_nobarrier
E4_SEM095	semaphore	32	2	95	one_rank_per_socket	hopscotch2d_hib_sem_nobarrier
E4_SEM096	semaphore	32	2	96	one_rank_per_socket	hopscotch2d_hib_sem_nobarrier
