ID	VARIANT	TILE	R	T	PLACEMENT	CFG	EXE
A01	naive	32	1	1	intra0	tbp,cpi	hopscotch2d_hib_naive
A02	naive	32	1	96	intra0	tbp,cpi	hopscotch2d_hib_naive
A03	naive	32	1	192	inter_socket	tbp,cpi	hopscotch2d_hib_naive
A04	busywait	32	1	192	inter_socket	tbp,cpi	hopscotch2d_hib_busywait_nobarrier
A05	semaphore	32	1	192	inter_socket	tbp,cpi	hopscotch2d_hib_sem_nobarrier
B01	naive	32	1	192	inter_socket	tbp,cpi	hopscotch2d_hib_naive
B02	naive	32	4	48	inter_socket	tbp,cpi	hopscotch2d_hib_naive
B03	naive	32	16	12	inter_socket	tbp,cpi	hopscotch2d_hib_naive
B04	naive	32	64	3	inter_socket	tbp,cpi	hopscotch2d_hib_naive
B05	naive	32	192	1	inter_socket	tbp,cpi	hopscotch2d_hib_naive
C01	naive	32	2	1	one_rank_per_socket	tbp,cpi	hopscotch2d_hib_naive
C02	naive	32	2	48	one_rank_per_socket	tbp,cpi	hopscotch2d_hib_naive
C03	naive	32	2	96	one_rank_per_socket	tbp,cpi	hopscotch2d_hib_naive
C04	busywait	32	2	96	one_rank_per_socket	tbp,cpi	hopscotch2d_hib_busywait_nobarrier
C05	semaphore	32	2	96	one_rank_per_socket	tbp,cpi	hopscotch2d_hib_sem_nobarrier
