ID	VARIANT	TILE	R	T	PLACEMENT	METRICS	EXE
E8_A_01_NA	naive	1	4	48	intra_socket0	ipc,cache_miss,l3,dc	hopscotch2d_hib_naive
E8_A_01_BU	busywait	1	4	48	intra_socket0	ipc,cache_miss,l3,dc	hopscotch2d_hib_busywait_nobarrier
E8_A_01_SE	semaphore	1	4	48	intra_socket0	ipc,cache_miss,l3,dc	hopscotch2d_hib_sem_nobarrier
E8_A_32_NA	naive	32	4	48	intra_socket0	ipc,cache_miss,l3,dc	hopscotch2d_hib_naive
E8_A_32_BU	busywait	32	4	48	intra_socket0	ipc,cache_miss,l3,dc	hopscotch2d_hib_busywait_nobarrier
E8_A_32_SE	semaphore	32	4	48	intra_socket0	ipc,cache_miss,l3,dc	hopscotch2d_hib_sem_nobarrier
E8_B_01_NA	naive	1	4	48	inter_socket	ipc,cache_miss,l3,dc	hopscotch2d_hib_naive
E8_B_01_BU	busywait	1	4	48	inter_socket	ipc,cache_miss,l3,dc	hopscotch2d_hib_busywait_nobarrier
E8_B_01_SE	semaphore	1	4	48	inter_socket	ipc,cache_miss,l3,dc	hopscotch2d_hib_sem_nobarrier
E8_B_32_NA	naive	32	4	48	inter_socket	ipc,cache_miss,l3,dc	hopscotch2d_hib_naive
E8_B_32_BU	busywait	32	4	48	inter_socket	ipc,cache_miss,l3,dc	hopscotch2d_hib_busywait_nobarrier
E8_B_32_SE	semaphore	32	4	48	inter_socket	ipc,cache_miss,l3,dc	hopscotch2d_hib_sem_nobarrier
