ID	VARIANT	TILE	R	T	PLACEMENT	CFG	EXE
E6_A_NA	naive	32	1	192	inter_socket	hotspots	hopscotch2d_hib_naive
E6_A_BU	busywait	32	1	192	inter_socket	hotspots	hopscotch2d_hib_busywait_nobarrier
E6_A_SE	semaphore	32	1	192	inter_socket	hotspots	hopscotch2d_hib_sem_nobarrier
E6_B_NA	naive	32	4	48	inter_socket	hotspots	hopscotch2d_hib_naive
E6_B_BU	busywait	32	4	48	inter_socket	hotspots	hopscotch2d_hib_busywait_nobarrier
E6_B_SE	semaphore	32	4	48	inter_socket	hotspots	hopscotch2d_hib_sem_nobarrier
E6_C_NA	naive	32	2	96	one_rank_per_socket	hotspots	hopscotch2d_hib_naive
E6_C_BU	busywait	32	2	96	one_rank_per_socket	hotspots	hopscotch2d_hib_busywait_nobarrier
E6_C_SE	semaphore	32	2	96	one_rank_per_socket	hotspots	hopscotch2d_hib_sem_nobarrier
