ID	VARIANT	TILE	R	T	PLACEMENT	EXE
E3_R001_NAI_T192	naive	32	1	192	inter_socket	hopscotch2d_hib_naive
E3_R002_NAI_T096	naive	32	2	96	inter_socket	hopscotch2d_hib_naive
E3_R003_NAI_T064	naive	32	3	64	inter_socket	hopscotch2d_hib_naive
E3_R004_NAI_T048	naive	32	4	48	inter_socket	hopscotch2d_hib_naive
E3_R006_NAI_T032	naive	32	6	32	inter_socket	hopscotch2d_hib_naive
E3_R008_NAI_T024	naive	32	8	24	inter_socket	hopscotch2d_hib_naive
E3_R012_NAI_T016	naive	32	12	16	inter_socket	hopscotch2d_hib_naive
E3_R016_NAI_T012	naive	32	16	12	inter_socket	hopscotch2d_hib_naive
E3_R024_NAI_T008	naive	32	24	8	inter_socket	hopscotch2d_hib_naive
E3_R032_NAI_T006	naive	32	32	6	inter_socket	hopscotch2d_hib_naive
E3_R048_NAI_T004	naive	32	48	4	inter_socket	hopscotch2d_hib_naive
E3_R064_NAI_T003	naive	32	64	3	inter_socket	hopscotch2d_hib_naive
E3_R096_NAI_T002	naive	32	96	2	inter_socket	hopscotch2d_hib_naive
E3_R192_NAI_T001	naive	32	192	1	inter_socket	hopscotch2d_hib_naive
E3_R001_BUS_T192	busywait	32	1	192	inter_socket	hopscotch2d_hib_busywait_nobarrier
E3_R002_BUS_T096	busywait	32	2	96	inter_socket	hopscotch2d_hib_busywait_nobarrier
E3_R003_BUS_T064	busywait	32	3	64	inter_socket	hopscotch2d_hib_busywait_nobarrier
E3_R004_BUS_T048	busywait	32	4	48	inter_socket	hopscotch2d_hib_busywait_nobarrier
E3_R006_BUS_T032	busywait	32	6	32	inter_socket	hopscotch2d_hib_busywait_nobarrier
E3_R008_BUS_T024	busywait	32	8	24	inter_socket	hopscotch2d_hib_busywait_nobarrier
E3_R012_BUS_T016	busywait	32	12	16	inter_socket	hopscotch2d_hib_busywait_nobarrier
E3_R016_BUS_T012	busywait	32	16	12	inter_socket	hopscotch2d_hib_busywait_nobarrier
E3_R024_BUS_T008	busywait	32	24	8	inter_socket	hopscotch2d_hib_busywait_nobarrier
E3_R032_BUS_T006	busywait	32	32	6	inter_socket	hopscotch2d_hib_busywait_nobarrier
E3_R048_BUS_T004	busywait	32	48	4	inter_socket	hopscotch2d_hib_busywait_nobarrier
E3_R064_BUS_T003	busywait	32	64	3	inter_socket	hopscotch2d_hib_busywait_nobarrier
E3_R096_BUS_T002	busywait	32	96	2	inter_socket	hopscotch2d_hib_busywait_nobarrier
E3_R192_BUS_T001	busywait	32	192	1	inter_socket	hopscotch2d_hib_busywait_nobarrier
E3_R001_SEM_T192	semaphore	32	1	192	inter_socket	hopscotch2d_hib_sem_nobarrier
E3_R002_SEM_T096	semaphore	32	2	96	inter_socket	hopscotch2d_hib_sem_nobarrier
E3_R003_SEM_T064	semaphore	32	3	64	inter_socket	hopscotch2d_hib_sem_nobarrier
E3_R004_SEM_T048	semaphore	32	4	48	inter_socket	hopscotch2d_hib_sem_nobarrier
E3_R006_SEM_T032	semaphore	32	6	32	inter_socket	hopscotch2d_hib_sem_nobarrier
E3_R008_SEM_T024	semaphore	32	8	24	inter_socket	hopscotch2d_hib_sem_nobarrier
E3_R012_SEM_T016	semaphore	32	12	16	inter_socket	hopscotch2d_hib_sem_nobarrier
E3_R016_SEM_T012	semaphore	32	16	12	inter_socket	hopscotch2d_hib_sem_nobarrier
E3_R024_SEM_T008	semaphore	32	24	8	inter_socket	hopscotch2d_hib_sem_nobarrier
E3_R032_SEM_T006	semaphore	32	32	6	inter_socket	hopscotch2d_hib_sem_nobarrier
E3_R048_SEM_T004	semaphore	32	48	4	inter_socket	hopscotch2d_hib_sem_nobarrier
E3_R064_SEM_T003	semaphore	32	64	3	inter_socket	hopscotch2d_hib_sem_nobarrier
E3_R096_SEM_T002	semaphore	32	96	2	inter_socket	hopscotch2d_hib_sem_nobarrier
E3_R192_SEM_T001	semaphore	32	192	1	inter_socket	hopscotch2d_hib_sem_nobarrier
