ID	VARIANT	TILE	R	T	PLACEMENT	CFG	EXE
E7_A_01_NA	naive	1	4	48	intra_socket0	tbp,cpi	hopscotch2d_hib_naive
E7_A_01_BU	busywait	1	4	48	intra_socket0	tbp,cpi	hopscotch2d_hib_busywait_nobarrier
E7_A_01_SE	semaphore	1	4	48	intra_socket0	tbp,cpi	hopscotch2d_hib_sem_nobarrier
E7_A_32_NA	naive	32	4	48	intra_socket0	tbp,cpi	hopscotch2d_hib_naive
E7_A_32_BU	busywait	32	4	48	intra_socket0	tbp,cpi	hopscotch2d_hib_busywait_nobarrier
E7_A_32_SE	semaphore	32	4	48	intra_socket0	tbp,cpi	hopscotch2d_hib_sem_nobarrier
E7_B_01_NA	naive	1	4	48	inter_socket	tbp,cpi	hopscotch2d_hib_naive
E7_B_01_BU	busywait	1	4	48	inter_socket	tbp,cpi	hopscotch2d_hib_busywait_nobarrier
E7_B_01_SE	semaphore	1	4	48	inter_socket	tbp,cpi	hopscotch2d_hib_sem_nobarrier
E7_B_32_NA	naive	32	4	48	inter_socket	tbp,cpi	hopscotch2d_hib_naive
E7_B_32_BU	busywait	32	4	48	inter_socket	tbp,cpi	hopscotch2d_hib_busywait_nobarrier
E7_B_32_SE	semaphore	32	4	48	inter_socket	tbp,cpi	hopscotch2d_hib_sem_nobarrier
